tf,cluster_id,tfbs,type
arac,arac_cluster_1,ACAAGGATTTCCAGGCTA,centroid
arac,arac_cluster_2,AGGGGCGAATTATCTCTT,centroid
arac,arac_cluster_3,ATAGCAGTGTGAAATAAC,centroid
arac,arac_cluster_4,ATGCTGTTTCCGACCTGA,centroid
arac,arac_cluster_5,CAGAGCAGGAAAATCCATA,centroid
arac,arac_cluster_6,GCAGCAATTTAATCCATA,centroid
arac,arac_cluster_7,CAGCAGGATAATGAATA,centroid
arac,arac_cluster_8,GAGCAACTGAAAGGGAG,centroid
arac,arac_cluster_9,TATAGACACTTTTGTTA,centroid
arac,arac_cluster_10,TTATGCACGTTCTCACTG,centroid
arac,arac_cluster_11,TATGGACAATTGGTTTC,centroid
arac,arac_cluster_12,TATGGATAAAAATGCTAT,centroid
arac,arac_cluster_13,TATGGATTAATCTGCTG,centroid
arac,arac_cluster_14,TATGTCTTTTCCCGCTA,centroid
arac,arac_cluster_15,TCAGGTAGGATCCGCTA,centroid
arac,arac_cluster_16,TGTGGACTTTTCTGCCG,centroid
arca,arca_cluster_1,AAACATACTTGCAAC,centroid
arca,arca_cluster_2,AAATATCGGTAATTTG,centroid
arca,arca_cluster_3,AACGGTTAATTATGA,centroid
arca,arca_cluster_4,AATATAATGAACAATC,centroid
arca,arca_cluster_5,AATGATTTTGTGAAC,centroid
arca,arca_cluster_6,AATTAAAATTTTATT,centroid
arca,arca_cluster_7,TAATTATATTGTAAAC,centroid
arca,arca_cluster_8,ACAAAACTTGATTAA,centroid
arca,arca_cluster_9,ACAAACTGATTATTAA,centroid
arca,arca_cluster_10,CAATAAAATCCATTT,centroid
arca,arca_cluster_11,ACATCAATTTGATAA,centroid
arca,arca_cluster_12,ACTTTATAATTAACAG,centroid
arca,arca_cluster_13,ACTTTTGCTATAAATA,centroid
arca,arca_cluster_14,AGAAAGGTGATTATC,centroid
arca,arca_cluster_15,AGTAAATAATTCGTT,centroid
arca,arca_cluster_16,AGTAAATATATTGTT,centroid
arca,arca_cluster_17,AGTTAAATATAAGTA,centroid
arca,arca_cluster_18,AGTTAAATATTTCCGC,centroid
arca,arca_cluster_19,AGTTAATATTATGTTA,centroid
arca,arca_cluster_20,GTTAATTAAATGATA,centroid
arca,arca_cluster_21,GTTGTGATCAAGCCT,centroid
arca,arca_cluster_22,ATAAAAATTTGTTAA,centroid
arca,arca_cluster_23,ATAACAATTAATTTA,centroid
arca,arca_cluster_24,ATAATATTTCCTTTAC,centroid
arca,arca_cluster_25,ATAATCAATTGTTAA,centroid
arca,arca_cluster_26,ATATCATTTAATTAAC,centroid
arca,arca_cluster_27,ATCACAATAAGAAAA,centroid
arca,arca_cluster_28,ATGTTTTAATTACAGG,centroid
arca,arca_cluster_29,ATTAACAATTGGTTA,centroid
arca,arca_cluster_30,ATTAATCAAAATTAA,centroid
arca,arca_cluster_31,TTACATAAATTTAAC,centroid
arca,arca_cluster_32,ATTCACATCATTAAC,centroid
arca,arca_cluster_33,ATTGAAACATGATTA,centroid
arca,arca_cluster_34,ATTGATAATCATTTT,centroid
arca,arca_cluster_35,ATTGCATGTTATTTA,centroid
arca,arca_cluster_36,ATTGTAATGATTTTG,centroid
arca,arca_cluster_37,ATTTAACTAATGTTT,centroid
arca,arca_cluster_38,ATTTACATTTATGTA,centroid
arca,arca_cluster_39,ATTTCAATAAATTTAC,centroid
arca,arca_cluster_40,ATTTGGATAATCAAAT,centroid
arca,arca_cluster_41,ATTTTAAATAGTAAC,centroid
arca,arca_cluster_42,CAAACATATAAATCA,centroid
arca,arca_cluster_43,CAAATCATTAACAAAA,centroid
arca,arca_cluster_44,CAACGCTTTGATAAC,centroid
arca,arca_cluster_45,TCAATTTAACATTGAG,centroid
arca,arca_cluster_46,CACTCATTTTATTAA,centroid
arca,arca_cluster_47,CATAACATTTAGTTA,centroid
arca,arca_cluster_48,CATAAGTTGATGTAA,centroid
arca,arca_cluster_49,CATTATCCCTACACA,centroid
arca,arca_cluster_50,TCATTTTAATTAATTT,centroid
arca,arca_cluster_51,CCAGCATATAATCAAC,centroid
arca,arca_cluster_52,CCATTTTTATCGCTA,centroid
arca,arca_cluster_53,CCGAGGTCACAACAT,centroid
arca,arca_cluster_54,CGTTTAGTCCACTTT,centroid
arca,arca_cluster_55,GGTAATACGCCGTTA,centroid
arca,arca_cluster_56,CGTAATATATACGTGG,centroid
arca,arca_cluster_57,CGTTAAGTAATTGAG,centroid
arca,arca_cluster_58,CGTTACTAAGACGTG,centroid
arca,arca_cluster_59,CGTTATCAAAGCGTA,centroid
arca,arca_cluster_60,CGTTATTTATATGTT,centroid
arca,arca_cluster_61,CTAACAAGAAAATTA,centroid
arca,arca_cluster_62,CTAACTTAGTGTTGA,centroid
arca,arca_cluster_63,CTCACACATTTTAAA,centroid
arca,arca_cluster_64,GCTTTAATAGATAAAC,centroid
arca,arca_cluster_65,TTTAATTAATTACAC,centroid
arca,arca_cluster_66,CTTTTTTATGTTGCT,centroid
arca,arca_cluster_67,TGAAAATGATTATCAA,centroid
arca,arca_cluster_68,GAAACCTTAATTAAA,centroid
arca,arca_cluster_69,GAGTTTTTATTAACAT,centroid
arca,arca_cluster_70,GCGAATTAACGAAGT,centroid
arca,arca_cluster_71,TGCTAACAAAATGTTG,centroid
arca,arca_cluster_72,GCTATAAATTGATCA,centroid
arca,arca_cluster_73,GGTAATGAAATTGTA,centroid
arca,arca_cluster_74,GTTAAATCTTGGTTT,centroid
arca,arca_cluster_75,GTTAATAATAATTAT,centroid
arca,arca_cluster_76,GGTTAATGAAATGTT,centroid
arca,arca_cluster_77,GGTTCATTATAGTTA,centroid
arca,arca_cluster_78,GGTTTCAAAATTGTG,centroid
arca,arca_cluster_79,TGTAAAAAAATGGTTA,centroid
arca,arca_cluster_80,GTATTGACAAGCCAA,centroid
arca,arca_cluster_81,GTGTTGTGTAACAAT,centroid
arca,arca_cluster_82,TGTTAAATAATTGTTT,centroid
arca,arca_cluster_83,TGTTAACAAAAATAAA,centroid
arca,arca_cluster_84,GTTAACAATTTTGTA,centroid
arca,arca_cluster_85,GTTAACTAAATGTTA,centroid
arca,arca_cluster_86,GTTAATAACCATTAA,centroid
arca,arca_cluster_87,GTTAATCTGGACCTA,centroid
arca,arca_cluster_88,GTTAATCTTAGGTGA,centroid
arca,arca_cluster_89,GTTAATTAACAATGT,centroid
arca,arca_cluster_90,GTTAATTAAGAGCTAT,centroid
arca,arca_cluster_91,GTTAATTATAATATA,centroid
arca,arca_cluster_92,GTTACATCAATTTAA,centroid
arca,arca_cluster_93,GTTACCTTATTGAAA,centroid
arca,arca_cluster_94,GTTACGAATTTGATT,centroid
arca,arca_cluster_95,GTTACGTTAAAAATT,centroid
arca,arca_cluster_96,TGTTACTTAAGTGTTA,centroid
arca,arca_cluster_97,TGTTAGTATCTCGTCG,centroid
arca,arca_cluster_98,GTTATAAAAATGTAG,centroid
arca,arca_cluster_99,GTTATCAAATCGTTA,centroid
arca,arca_cluster_100,GTTATTGACAGTTAG,centroid
arca,arca_cluster_101,GTTGAAACGTGATAG,centroid
arca,arca_cluster_102,GTTGAGAAAGGTGAT,centroid
arca,arca_cluster_103,GTTGATATTATGTAA,centroid
arca,arca_cluster_104,GTTGCTTTTTTGTAA,centroid
arca,arca_cluster_105,TTTATCAATATAATA,centroid
arca,arca_cluster_106,TGTTTCTAATATGTTA,centroid
arca,arca_cluster_107,GTTTTGTCAAAATGT,centroid
arca,arca_cluster_108,TAAACATAAAATTAA,centroid
arca,arca_cluster_109,TAAACATAAATGTCA,centroid
arca,arca_cluster_110,TAACAATGTATTCAC,centroid
arca,arca_cluster_111,TAACAATTATTTTAC,centroid
arca,arca_cluster_112,TAACAATTGGTTAAT,centroid
arca,arca_cluster_113,TAACCATTAATTAACA,centroid
arca,arca_cluster_114,TAACGAAGTTTTTAC,centroid
arca,arca_cluster_115,TAACTTTTATTTAAC,centroid
arca,arca_cluster_116,TACACACTTTTTTAA,centroid
arca,arca_cluster_117,TATAATTATAAGTTAA,centroid
arca,arca_cluster_118,TATCAATAATTCGTT,centroid
arca,arca_cluster_119,TTCAACAAAGTTGTTA,centroid
arca,arca_cluster_120,TCAACATTTTATACAC,centroid
arca,arca_cluster_121,TCACCGAAAACAAAC,centroid
arca,arca_cluster_122,TCGCGCGTTTACACT,centroid
arca,arca_cluster_123,TCGTATCCGTTATGT,centroid
arca,arca_cluster_124,TGCAAACACTTTGTT,centroid
arca,arca_cluster_125,TGTAAAAAAAGTATA,centroid
arca,arca_cluster_126,TGTAAAAAAGTTGTA,centroid
arca,arca_cluster_127,TGTAAATGGTGTGTT,centroid
arca,arca_cluster_128,TGTAACAAATCATTT,centroid
arca,arca_cluster_129,TGTAACCTATTAGTT,centroid
arca,arca_cluster_130,TGTCAAAGAAATGTA,centroid
arca,arca_cluster_131,TGTGTAATAAATAAAG,centroid
arca,arca_cluster_132,TGTTAATAAA,centroid
arca,arca_cluster_133,TGTTAATAATAAGTA,centroid
arca,arca_cluster_134,TGTTAATTAATCGTT,centroid
arca,arca_cluster_135,TGTTACTAATTTGTT,centroid
arca,arca_cluster_136,TGTTATCGAT,centroid
arca,arca_cluster_137,TGTTGTTTTAATGTA,centroid
arca,arca_cluster_138,TGTTTTTTCAATGTT,centroid
arca,arca_cluster_139,TTAAAAATTGTTAAC,centroid
arca,arca_cluster_140,TTAACAAAGTGATGA,centroid
arca,arca_cluster_141,TTAACAATTAGATCA,centroid
arca,arca_cluster_142,TTAACAATTTTGCAAA,centroid
arca,arca_cluster_143,TTAACACTTCCATAA,centroid
arca,arca_cluster_144,TTAACATGTTTGCAA,centroid
arca,arca_cluster_145,TTAACCTTTTCTTAA,centroid
arca,arca_cluster_146,TTAACTATAATGAAC,centroid
arca,arca_cluster_147,TTAACTTTTGTGTAA,centroid
arca,arca_cluster_148,TTACAAATCAGTAAC,centroid
arca,arca_cluster_149,TTACGTTTAGGTAAC,centroid
arca,arca_cluster_150,TTATCATTTCATTAA,centroid
arca,arca_cluster_151,TTCACTACGCTTTATTAACAATA,centroid
arca,arca_cluster_152,TTCGTCACGTTTTTATAA,centroid
arca,arca_cluster_153,TTGCATATTTTTAAC,centroid
arca,arca_cluster_154,TTGTTATCGAAGTGTT,centroid
arca,arca_cluster_155,TTTAAAAAAATGTTA,centroid
arca,arca_cluster_156,TTTAAATTTTGACTA,centroid
arca,arca_cluster_157,TTTAACAGGTCATAA,centroid
arca,arca_cluster_158,TTTCACAAATAATTA,centroid
arca,arca_cluster_159,TTTGTGAACCACTTG,centroid
arca,arca_cluster_160,TTTGTTGAATGATTG,centroid
crp,crp_cluster_1,AAAAATTCTCTTCATTAAATTT,centroid
crp,crp_cluster_2,AAAAATAGTGTCGCTGAGCACTA,centroid
crp,crp_cluster_3,AAACGTGATCAACCCCTCAATT,centroid
crp,crp_cluster_4,AAACGTTTTATCTGTCACATAA,centroid
crp,crp_cluster_5,AAAGGTGAGAGCCATCACAAAT,centroid
crp,crp_cluster_6,AAATGTCGTTGCGCGCACAGTA,centroid
crp,crp_cluster_7,AAAATGTGATACCAATCACAGAA,centroid
crp,crp_cluster_8,AAATGTGCTGTTAATCACATGC,centroid
crp,crp_cluster_9,AAAATTCAATATTCATCACACTT,centroid
crp,crp_cluster_10,AACCATGATCCGCGCCACACTT,centroid
crp,crp_cluster_11,AAACGAGAGCAGGATCACCTG,centroid
crp,crp_cluster_12,TAAACGTGAACGCAATCGATTAC,centroid
crp,crp_cluster_13,AAACGTGATAGCCGTCAAACAAA,centroid
crp,crp_cluster_14,AAACGTGATTTAACGCCTGATT,centroid
crp,crp_cluster_15,AAACGTGATTTCATGCGTCATT,centroid
crp,crp_cluster_16,AAACGTGGCATCGGTCAATTCA,centroid
crp,crp_cluster_17,AAACGTTAACTGAAACGCATATT,centroid
crp,crp_cluster_18,AAACTGAGACTAGTACGACTTTT,centroid
crp,crp_cluster_19,AAACTGGAACGCTTTTCGCATTC,centroid
crp,crp_cluster_20,AAACTGTGAGCCAAAGCGTTGTT,centroid
crp,crp_cluster_21,AACTGTGGTTGCCATCACAGAT,centroid
crp,crp_cluster_22,AAACTTGATGCACGTCAAAAAA,centroid
crp,crp_cluster_23,AAACTTGCGTGACTACACATTCT,centroid
crp,crp_cluster_24,AAGTGTGATCGGGGACAATATA,centroid
crp,crp_cluster_25,AAGTGTGATGTGAGTCAGATAA,centroid
crp,crp_cluster_26,AATAGAGATCTACTTCACAAAT,centroid
crp,crp_cluster_27,AATAGTGACGCGCTTCGCAACC,centroid
crp,crp_cluster_28,AAATATGACGGTGTTCACAAAG,centroid
crp,crp_cluster_29,AAATCTTTATCTTTGTAGCACTT,centroid
crp,crp_cluster_30,TAAATGTAAGCTGTGCCACGTTT,centroid
crp,crp_cluster_31,AAATGTATGACAGATCACTATT,centroid
crp,crp_cluster_32,AAATGTGAAGAGGGTCATAACC,centroid
crp,crp_cluster_33,AAATGTGACACTACTCACATTT,centroid
crp,crp_cluster_34,AAATGTGACGCAAAGAGGTTTT,centroid
crp,crp_cluster_35,AAATGTGCACAGTTTCATGATT,centroid
crp,crp_cluster_36,AAATGTGTGCTCGATCTCATTC,centroid
crp,crp_cluster_37,AAATGTTATCCACATCACAATT,centroid
crp,crp_cluster_38,AAATTCGACAAAGCGCACAATCC,centroid
crp,crp_cluster_39,AAATTCGTGATAGCTGTCGTAAA,centroid
crp,crp_cluster_40,AAATTGACTTTCTCATCACATCA,centroid
crp,crp_cluster_41,AATTGCGATCTAAATCAAATTA,centroid
crp,crp_cluster_42,AATTGGAATATCCATCACATAA,centroid
crp,crp_cluster_43,AATTGTGAACATCATCACGTTC,centroid
crp,crp_cluster_44,AATTGTGATCTTCGCTGCGTTT,centroid
crp,crp_cluster_45,AAATTTGAAGTAGCTCACACTT,centroid
crp,crp_cluster_46,AAATTTGCGATGCGTCGCGCAT,centroid
crp,crp_cluster_47,AATTTTACTTTTGGTTACATAT,centroid
crp,crp_cluster_48,GAACAGTGATCCAGGTCACGATA,centroid
crp,crp_cluster_49,AACAGTTATTTTTAACAAATTT,centroid
crp,crp_cluster_50,AACATGCTGTAGATCACATCAGG,centroid
crp,crp_cluster_51,ACATGTGAGCGAGATCAAATTC,centroid
crp,crp_cluster_52,AACCAAAAATGTCATCTGCCATG,centroid
crp,crp_cluster_53,CAACTGCGACCACGGTCACAGCG,centroid
crp,crp_cluster_54,AACTGCGAGCATGGTCATATTT,centroid
crp,crp_cluster_55,AACTGTGAAACGAAACATATTT,centroid
crp,crp_cluster_56,AACTGTGACGGATTTCGCACCC,centroid
crp,crp_cluster_57,AACTGTGATAGTGTCATCATTT,centroid
crp,crp_cluster_58,ACTTGTGGATAAAATCACGGTC,centroid
crp,crp_cluster_59,AAGAGGTGATTTTGATCACGGAA,centroid
crp,crp_cluster_60,AAGATCACATTT,centroid
crp,crp_cluster_61,AAGATGTGAGCGATAACCCATTT,centroid
crp,crp_cluster_62,AAGCAGGATTTAGCTCACACTT,centroid
crp,crp_cluster_63,AGCGGTGATCTATTTCACAAAT,centroid
crp,crp_cluster_64,GAAGCGTGATGCATCTCACCTTT,centroid
crp,crp_cluster_65,AAGGCGACCTGGGTCATGCTGAA,centroid
crp,crp_cluster_66,AAGTGCGAGCAAGCTCACAAAA,centroid
crp,crp_cluster_67,AAGTGTGACCCGGTTCACGTAG,centroid
crp,crp_cluster_68,AAGTGTGACCGCCGTCATATTA,centroid
crp,crp_cluster_69,AAGTGTGACGCCGTGCAAATAAT,centroid
crp,crp_cluster_70,AAGTGTGATCTACGTCACTCAT,centroid
crp,crp_cluster_71,AAGTGTGCGCTCGCTCGCAAAA,centroid
crp,crp_cluster_72,AAGTTTGAATTGTTACAAAAAG,centroid
crp,crp_cluster_73,AATAATGAAAAGGATGACATAT,centroid
crp,crp_cluster_74,AATAATTGTTTTATTTCACATTG,centroid
crp,crp_cluster_75,AATAGTGACCTCGCGCAAAATG,centroid
crp,crp_cluster_76,AATATGTGATATGAATCACATAT,centroid
crp,crp_cluster_77,AATCGTGATGAAAATCACATTT,centroid
crp,crp_cluster_78,ATCTGCATCGGAATTTGCAGGC,centroid
crp,crp_cluster_79,AATCTGTGAGTGATTTCACAGTA,centroid
crp,crp_cluster_80,AATGGTTGACCAATTTACATAA,centroid
crp,crp_cluster_81,AATGTGTGCGGCAATTCACATTT,centroid
crp,crp_cluster_82,GAATTACAAGGCACATCACGTTA,centroid
crp,crp_cluster_83,AATTGAGAACTTACTCAAATTT,centroid
crp,crp_cluster_84,ATTGGTTAACCACATCACAAGA,centroid
crp,crp_cluster_85,AATTGTGACACAGTGCAAATTC,centroid
crp,crp_cluster_86,GAATTGTGAGCGGATAACAATTT,centroid
crp,crp_cluster_87,AATTGTGATCACGCCCGCACATA,centroid
crp,crp_cluster_88,AATTGTGATCTATATTTAACAA,centroid
crp,crp_cluster_89,GAATTGTGATGACGATCACACAT,centroid
crp,crp_cluster_90,AATTGTGATGTGTATCGAAGTG,centroid
crp,crp_cluster_91,AATTGTTAACAATTTTGTAAAA,centroid
crp,crp_cluster_92,AATTGTTTTTGATTTTGCATTT,centroid
crp,crp_cluster_93,AATTTGGGTTGTTATCAAATCG,centroid
crp,crp_cluster_94,AATTTGTGAGTGGTCGCACATAT,centroid
crp,crp_cluster_95,ATTTGTGATACATGTCAAAAAA,centroid
crp,crp_cluster_96,AATTTTGCGCTAAAGCACATTT,centroid
crp,crp_cluster_97,CAATTAAGATCACAG,centroid
crp,crp_cluster_98,ACATCTGGGTAGCATCACAGCA,centroid
crp,crp_cluster_99,TACATCTTGAAATAATCACATTG,centroid
crp,crp_cluster_100,CATTAGGATTTTGTTATTTAAA,centroid
crp,crp_cluster_101,ACATTTCTGATGATTAGCATTC,centroid
crp,crp_cluster_102,ACCGGGTATTAGCACCACATAT,centroid
crp,crp_cluster_103,CTTCGTGAACGATCCCACGAAT,centroid
crp,crp_cluster_104,ACTTTGTGATCTCTCTCGCACCC,centroid
crp,crp_cluster_105,AGAGTTGACATAGTGCGCGTTT,centroid
crp,crp_cluster_106,AGATATGATCTATATCAATTTC,centroid
crp,crp_cluster_107,GATCGTGAACTACGGCACACTT,centroid
crp,crp_cluster_108,AGATGTGAGCCAGCTCACCATA,centroid
crp,crp_cluster_109,AGATGTGATTAGATTATTATTC,centroid
crp,crp_cluster_110,AGATGTGTACGAAATCACATTTT,centroid
crp,crp_cluster_111,AGCCTGGGATGAAAGTGACATT,centroid
crp,crp_cluster_112,GGATGTGACATTCATCGCAACA,centroid
crp,crp_cluster_113,GTGAGAGAACAATGTCAAACAA,centroid
crp,crp_cluster_114,AGTGGGATTAATTTCCACATTAA,centroid
crp,crp_cluster_115,AGTTGTTAAAATGTGCACAGTT,centroid
crp,crp_cluster_116,TAAATCGAGCCTGCTCCCAGCA,centroid
crp,crp_cluster_117,ATAAGTGACCGAAATCACACTT,centroid
crp,crp_cluster_118,TAGCGTTAACTGCTTCAAATTT,centroid
crp,crp_cluster_119,ATCAGCGACATCTGTCACATTC,centroid
crp,crp_cluster_120,ATGAGTGTTGTTATTACCCGACT,centroid
crp,crp_cluster_121,ATGCCTGACGGAGTTCACACTT,centroid
crp,crp_cluster_122,ATGCGGTGACGGAGTTCACCCTT,centroid
crp,crp_cluster_123,ATGGCTTTATCAGGTGCCTGTT,centroid
crp,crp_cluster_124,ATGGTGCGCATGATAACGCCTTT,centroid
crp,crp_cluster_125,ATGGTGTGATCGGGGTTCAATAA,centroid
crp,crp_cluster_126,ATGTGATTAGATTATTATTCTTT,centroid
crp,crp_cluster_127,CATGTGTGAAGTTGATCACAAAT,centroid
crp,crp_cluster_128,ATGTTAAATTGATGTAACATAA,centroid
crp,crp_cluster_129,ATTACGGATCTTCATCACATAAA,centroid
crp,crp_cluster_130,ATTATTAGTAAGTTATCACCATT,centroid
crp,crp_cluster_131,ATTCTTTGATCCATCTCAGAGG,centroid
crp,crp_cluster_132,ATTGGTGAGGAACTTAACAATA,centroid
crp,crp_cluster_133,ATTGGTGATCCATAAAACAATA,centroid
crp,crp_cluster_134,TTGTTTGATATTTATCATATTA,centroid
crp,crp_cluster_135,TTGTTTGATTTCGCGCATATTC,centroid
crp,crp_cluster_136,ATTTAACAAAGTGATGACATTT,centroid
crp,crp_cluster_137,ATTTAGTTACATGTTTAACACTT,centroid
crp,crp_cluster_138,TATTTATGAGCAGCATCGAAAAA,centroid
crp,crp_cluster_139,ATTTCATCTCTATGTCACATTT,centroid
crp,crp_cluster_140,ATTTGAGAGTTGAATCTCAAAT,centroid
crp,crp_cluster_141,ATTTGCCACAGGTAACAAAAAA,centroid
crp,crp_cluster_142,ATTTGCGATACGAATTAAATTT,centroid
crp,crp_cluster_143,ATTTGCGATGCGTCGCGCATTTT,centroid
crp,crp_cluster_144,ATTTGCGGAGCTTGTCACAGCT,centroid
crp,crp_cluster_145,ATTTGCGGGTCGCGTCACATTT,centroid
crp,crp_cluster_146,ATTTGTGAATCTTTTCACAGTT,centroid
crp,crp_cluster_147,ATTTGTGATCAACCCCACACAT,centroid
crp,crp_cluster_148,ATTTGTGCATAGTTACAACTTT,centroid
crp,crp_cluster_149,TTTTATGACGAGGCACACACAT,centroid
crp,crp_cluster_150,ATTTTGTGACACGAATTGCAAAT,centroid
crp,crp_cluster_151,ATTTTGTGATCTGTTTAAATGTT,centroid
crp,crp_cluster_152,CAATGTCATTCGAATTACCTGCA,centroid
crp,crp_cluster_153,CACTGTGAGGTATTTGCTAAAG,centroid
crp,crp_cluster_154,CATGGTGATGAGTATCACGAAA,centroid
crp,crp_cluster_155,CATTGTGCTGCGGCTCAAGCAG,centroid
crp,crp_cluster_156,CATTGTTATTAGTCTCACACTT,centroid
crp,crp_cluster_157,CCAGCAGATACAACTCACACAA,centroid
crp,crp_cluster_158,CCTTTGTGATCGCTTTCACGGA,centroid
crp,crp_cluster_159,CCTTGTCATCTTTCTGACACCT,centroid
crp,crp_cluster_160,TCCTTTGTGATAAAAATCACTTT,centroid
crp,crp_cluster_161,CGAGCGTGCCAGTTTTCACATTC,centroid
crp,crp_cluster_162,CGATGTGAGGAAATTAACATGA,centroid
crp,crp_cluster_163,GCGATGTGATATTGCTCTCCTAT,centroid
crp,crp_cluster_164,CGGAGTGATCGAGTTAACATTG,centroid
crp,crp_cluster_165,CGGTCGTGATATTGCTCACGCCA,centroid
crp,crp_cluster_166,CGGTGAGCATCACATCACCACA,centroid
crp,crp_cluster_167,CGTGACAGGAATCACG,centroid
crp,crp_cluster_168,CGTGAGCGTTGTAAGT,centroid
crp,crp_cluster_169,CGTTTCGAGGTTGATCACATTT,centroid
crp,crp_cluster_170,CTAATTTATTCCATGTCACACTT,centroid
crp,crp_cluster_171,TCTATGTGAAATAAATCAAAATT,centroid
crp,crp_cluster_172,CTCAGGTGAATCGCGCCAGCAA,centroid
crp,crp_cluster_173,TGACGTGATCTTCATCACAAAT,centroid
crp,crp_cluster_174,TGGCGTTACCCTTGTCGCAAAG,centroid
crp,crp_cluster_175,CTGTCACAAATCACAAA,centroid
crp,crp_cluster_176,CTGTTGAGTCATAAATAACCTTT,centroid
crp,crp_cluster_177,CTTAGGATTTTGTTATTTAAAT,centroid
crp,crp_cluster_178,CTTCGTCAAATTTATCATGTGG,centroid
crp,crp_cluster_179,CTTTAGTGAAGCAGATCGCATTA,centroid
crp,crp_cluster_180,CTTTGTGAGATTGAGCATGGAAA,centroid
crp,crp_cluster_181,CTTTGTGATGTGCTTCCTGTTA,centroid
crp,crp_cluster_182,GGAAAGTACGTTTGCAGTGAAAT,centroid
crp,crp_cluster_183,GAATGAGACACGATTCAAAAAA,centroid
crp,crp_cluster_184,GAATGTGACAAGGATATTTTACC,centroid
crp,crp_cluster_185,GGAATTTAATCATGTTTACAGTA,centroid
crp,crp_cluster_186,GAATTTGATTTACATCAATAAG,centroid
crp,crp_cluster_187,GACCTCGGTTTAGTTCACAGAA,centroid
crp,crp_cluster_188,GACTGCGAGTGGGAGCACGGTT,centroid
crp,crp_cluster_189,GACTGTGATCAAACCCGATCTTT,centroid
crp,crp_cluster_190,GAGTGCGAGTCTGCTCGCATAA,centroid
crp,crp_cluster_191,GAGTGTGGTATAGTCACCTTGC,centroid
crp,crp_cluster_192,GAGTTGTGATCAAGCCTGCACA,centroid
crp,crp_cluster_193,GATTGTGATTCGATTCACATTT,centroid
crp,crp_cluster_194,GCAAAAAATGTGAGAGAGTGCAA,centroid
crp,crp_cluster_195,GCAAGTGGTATTCGCACTTTTG,centroid
crp,crp_cluster_196,TGCATTGAACTTGTGGATAAAAT,centroid
crp,crp_cluster_197,TGGCTGTGCTGCGCATAATACTT,centroid
crp,crp_cluster_198,GTATAACGTGATCATATCAACA,centroid
crp,crp_cluster_199,GGTTGGGAAGGGGTTCACTGGC,centroid
crp,crp_cluster_200,TGGTTGTGATGGTGGTATGAAAA,centroid
crp,crp_cluster_201,GTAAATGGTGTGTTAAATCGAT,centroid
crp,crp_cluster_202,GTACTGCAACCATCTACAAATAA,centroid
crp,crp_cluster_203,GTATGTGATCCAGATCACATCT,centroid
crp,crp_cluster_204,GTGGGTGATTTGCTTCACATCT,centroid
crp,crp_cluster_205,GTTCTGTGCATCCCGTCACAAAT,centroid
crp,crp_cluster_206,GTTGTGTGAGAGTAATCACGCTT,centroid
crp,crp_cluster_207,TTTTGTTACCTGCCTCTAACTT,centroid
crp,crp_cluster_208,TAAAGTGAACCATATCTCAATT,centroid
crp,crp_cluster_209,TAAAGTGATGGTAGTCACATAA,centroid
crp,crp_cluster_210,TAAATGTGTTTTGCTCATAGTG,centroid
crp,crp_cluster_211,TAACGCGACTTTTATCACTTTT,centroid
crp,crp_cluster_212,TAATATGACCAACCTCTCATAA,centroid
crp,crp_cluster_213,TAATGAGATTCAGATCACATAT,centroid
crp,crp_cluster_214,TAATGCGATCTATATCACGCTG,centroid
crp,crp_cluster_215,TTAATGTGAGTTAGCTCACTCAT,centroid
crp,crp_cluster_216,TAATGTGATTTATGCCTCACTA,centroid
crp,crp_cluster_217,TAATGTGGAGATGCGCACATAA,centroid
crp,crp_cluster_218,TAATTTCCACATTAAAACAGGG,centroid
crp,crp_cluster_219,TACTGTGCAATTTTTCATTGAT,centroid
crp,crp_cluster_220,TAGAGTGATATGTATAACATTA,centroid
crp,crp_cluster_221,TAGATCTCCGTCACATTTTTGC,centroid
crp,crp_cluster_222,TAGTGTGTGTCAGATCTCGTTTT,centroid
crp,crp_cluster_223,TATAGTGATCCACGCCACATTT,centroid
crp,crp_cluster_224,TATTGTGACATATGTTTTGTCA,centroid
crp,crp_cluster_225,TTCACGTGAACGTTCTCACAATT,centroid
crp,crp_cluster_226,TCAGGTGACCGGTTTCACAAAT,centroid
crp,crp_cluster_227,TCTCGTGATCAAGATCACATTC,centroid
crp,crp_cluster_228,TCTTATGACGCTCTTCACACTC,centroid
crp,crp_cluster_229,TCTTGTGATTCAGATCACAAAGA,centroid
crp,crp_cluster_230,TCTTTTTGAATCCCATCACAAA,centroid
crp,crp_cluster_231,TGAAGTGATCCTCGCCACCAA,centroid
crp,crp_cluster_232,TGAGATTTTCATCACAC,centroid
crp,crp_cluster_233,TGATGACATTTCTGACGGCGTT,centroid
crp,crp_cluster_234,TGATGTGATGCTCACCGCATTT,centroid
crp,crp_cluster_235,TGATGTGATTTGCTTCACATCT,centroid
crp,crp_cluster_236,TGCGATGCATGTCAAA,centroid
crp,crp_cluster_237,TGCGATTCCACTCACA,centroid
crp,crp_cluster_238,TTGCTGTGACTCGATTCACGAAG,centroid
crp,crp_cluster_239,TTGGAATGAAGAGAGTAACGAAT,centroid
crp,crp_cluster_240,TGGCGCAGGAAACACATA,centroid
crp,crp_cluster_241,TGGTGTGACGGCGTTAAAAGT,centroid
crp,crp_cluster_242,TGTATGCAAAGGACGTCACATT,centroid
crp,crp_cluster_243,TGTGAAAACACAC,centroid
crp,crp_cluster_244,TGTGAGACATTGCCGA,centroid
crp,crp_cluster_245,TTGTGATCTAAATTGTAGTA,centroid
crp,crp_cluster_246,TGTGATCTATGTAGGA,centroid
crp,crp_cluster_247,TGTGATGAACTTCAAA,centroid
crp,crp_cluster_248,TGTGATGCCAGTTTGC,centroid
crp,crp_cluster_249,TTGTGCGGATAAACACCT,centroid
crp,crp_cluster_250,TGTGCGGTTGCTCATGT,centroid
crp,crp_cluster_251,TTAAATTGATCACGTTTTAGAC,centroid
crp,crp_cluster_252,TTTAAGTTCGATATTTCTCGTTT,centroid
crp,crp_cluster_253,TTACCCGCTTTAAAACACGCTA,centroid
crp,crp_cluster_254,TTATATATGTCAAGTTGTTAAA,centroid
crp,crp_cluster_255,TTTATGTAATAAAATTCATGG,centroid
crp,crp_cluster_256,TTATGTGATCTAAATCACTTTT,centroid
crp,crp_cluster_257,TTATGTGATTGATATCACACAA,centroid
crp,crp_cluster_258,TTATGTGATTTGCATCACTTTT,centroid
crp,crp_cluster_259,TTTATGTGATTTGTATCACATAA,centroid
crp,crp_cluster_260,TTATTTGAACCAGATCGCATTA,centroid
crp,crp_cluster_261,TTTATTTGATACCCATCACACTT,centroid
crp,crp_cluster_262,TTCCGACGAATAGATCACAATT,centroid
crp,crp_cluster_263,TTCTGCATATTAATTGACATTT,centroid
crp,crp_cluster_264,TTCTGGAATCTTCCTTCCTGAT,centroid
crp,crp_cluster_265,TTCTTAGAAACCGATCACATAC,centroid
crp,crp_cluster_266,TTTCTTCGTAACGCCTCGCAAAT,centroid
crp,crp_cluster_267,TTTGCGTGATCTGTCGCCCAAAT,centroid
crp,crp_cluster_268,TTGTGCGAGCCAGCTCAAACTT,centroid
crp,crp_cluster_269,TTGTGTGATCTCTGTTACAGAA,centroid
crp,crp_cluster_270,TTGTGTGATCTGCATCACGCAT,centroid
crp,crp_cluster_271,TTGTGTGATGCAAGCCACATTTT,centroid
crp,crp_cluster_272,TTTACTGCTGCTTCACGCAGGA,centroid
crp,crp_cluster_273,TTTATTGATTTAAATCAAAGAT,centroid
crp,crp_cluster_274,TTTCATGATTTCAATCAAAACC,centroid
crp,crp_cluster_275,TTTCCTGAAAATTCACGCTGTAT,centroid
crp,crp_cluster_276,TTTCGTGAAATCTGTCACTGAA,centroid
crp,crp_cluster_277,TTTCGTGAGTTAGATCAATAAA,centroid
crp,crp_cluster_278,TTTCGTGTTCCGTTTCATGGTT,centroid
crp,crp_cluster_279,TTTCTTGCTTACCGTCACATTC,centroid
crp,crp_cluster_280,TTTGGTGACAAAACTCACAAAA,centroid
crp,crp_cluster_281,TTTGTTCCTCTTCACA,centroid
crp,crp_cluster_282,TTTTGTTGCTGACCTTCAAAAAT,centroid
crp,crp_cluster_283,TTTGTTGCTTTTGATCACAATA,centroid
crp,crp_cluster_284,TTTTATGAAGCCCTTCACAGAA,centroid
crp,crp_cluster_285,TTTTATGATTTGGTTCAATTCT,centroid
crp,crp_cluster_286,TTTTATTGACGCACAGCACATT,centroid
crp,crp_cluster_287,TTTTCTTATCTACCTCACAAAG,centroid
crp,crp_cluster_288,TTTTGCAAGCAACATCACGAAAT,centroid
crp,crp_cluster_289,TTTTGCGATCAAAATAACACTT,centroid
crp,crp_cluster_290,TTTTGTAAACAGATTAACACCT,centroid
crp,crp_cluster_291,TTTTGTGAATCAGATCAGAAAA,centroid
crp,crp_cluster_292,TTTTGTGAGCTGTTTCGCGTTA,centroid
crp,crp_cluster_293,TTTTGTGATCACTCCGGCTTTT,centroid
crp,crp_cluster_294,TTTTGTGATCGTTATCTCGATA,centroid
crp,crp_cluster_295,TTTTGTGATCTTCCTCCACATTA,centroid
crp,crp_cluster_296,TTTTGTGATGAACGTCACGTCA,centroid
crp,crp_cluster_297,TTTTGTGATGGCTATTAGAAAT,centroid
crp,crp_cluster_298,TTTTGTGATGGTTGTCATATTA,centroid
crp,crp_cluster_299,TTTTGTGGCCTGCTTCAAACTT,centroid
crp,crp_cluster_300,TTTTTAGATGTAAATCACTCCA,centroid
dcur,dcur_cluster_1,AAATTAATAATTAAGGG,centroid
dcur,dcur_cluster_2,ACAAAACTTTAAAAAGTG,centroid
dcur,dcur_cluster_3,ACAAAAGTTAATTAACTA,centroid
dcur,dcur_cluster_4,CATATAAACCAAGATTT,centroid
dcur,dcur_cluster_5,GATTTAATGAATAAAAT,centroid
dcur,dcur_cluster_6,GATTTTAAGTTTTTTAA,centroid
dcur,dcur_cluster_7,GGTTTAGTAATTAAATTA,centroid
dcur,dcur_cluster_8,TGTTTTTAATTTCAAAAC,centroid
dcur,dcur_cluster_9,TTAGCTTATATTGTGGTC,centroid
dcur,dcur_cluster_10,TATTTCTGCGATAATAG,centroid
fadr,fadr_cluster_1,AACTCATCCGACCACAT,centroid
fadr,fadr_cluster_2,TAACTCATCGGATCAGTT,centroid
fadr,fadr_cluster_3,GAACTGATCGGACTTGTT,centroid
fadr,fadr_cluster_4,AAGCTGGTATGATGAGTT,centroid
fadr,fadr_cluster_5,AAGTGGTCAGACCTCCT,centroid
fadr,fadr_cluster_6,ACCAGTTATGACCTCTG,centroid
fadr,fadr_cluster_7,ACTGGTCTGATTTCTAA,centroid
fadr,fadr_cluster_8,AGCTGGTCCGACCTATAC,centroid
fadr,fadr_cluster_9,AGGATGGTCTTAACACT,centroid
fadr,fadr_cluster_10,ATCAGGTCAGACCACTT,centroid
fadr,fadr_cluster_11,ATCTGGTACGACCAGAT,centroid
fadr,fadr_cluster_12,CCCTGATAAGACCAGTAT,centroid
fadr,fadr_cluster_13,CCGCGGTTCGACCACTT,centroid
fadr,fadr_cluster_14,GGCTGGTCCGCTGTTTC,centroid
fadr,fadr_cluster_15,CTCAACCCCGACCAGTA,centroid
fadr,fadr_cluster_16,GCTCCGGTCGGACCTGGC,centroid
fadr,fadr_cluster_17,CTCTGGTATGATGAGTC,centroid
fadr,fadr_cluster_18,GACAGGTCAGCTTTGAT,centroid
fadr,fadr_cluster_19,GCTGGCCAGTCATCGAC,centroid
fadr,fadr_cluster_20,TGGCTGATCGGACTTGTT,centroid
fliz,fliz_cluster_1,AAACCAGGTTATAACCTCAGTGTCGAAATTGATTCGTGACGGCTCTTTCACTTTAT,centroid
fliz,fliz_cluster_2,AGGATGACATATTCGAAACGATAACGGCTAAGGAGCAAGTTATGATTTTTCTCATGAC,centroid
fliz,fliz_cluster_3,ATTTTTTAACTGACTTTCGTTTGAAAACTGGCGTTTTTCCAAAACTGGA,centroid
fliz,fliz_cluster_4,CAAAACTGCGTCTAAAGTTAAACCGGGAC,centroid
fliz,fliz_cluster_5,CGTCGATTTAGGAAAAATCTTAGATAAGTG,centroid
gade,gade_cluster_1,ATAGGCGTTTACTATATTGA,centroid
gade,gade_cluster_2,ATTAGGATTTTGTTATTTAAA,centroid
gade,gade_cluster_3,CAAGGATGTAAATAATGAAA,centroid
gade,gade_cluster_4,CTTTTTGTTTGCTATTTACA,centroid
gade,gade_cluster_5,TGTCGAAATTGATTCGTGAC,centroid
gade,gade_cluster_6,TAATCTTAGGATAAATTTTTA,centroid
gade,gade_cluster_7,TGTCAGATTTTTTTATCTCC,centroid
gade,gade_cluster_8,TTAGGAAATTTTTATTAAAT,centroid
gade,gade_cluster_9,TTTTTTAATCACACCTTTATC,centroid
gadw,gadw_cluster_1,AAAATATTATTCGCGTAATAT,centroid
gadw,gadw_cluster_2,AAGTCGTTTTTCTGCTTAG,centroid
gadw,gadw_cluster_3,AAGTCTGTTTTTAATATTAT,centroid
gadw,gadw_cluster_4,ACTCATTGTATTGAAATAAA,centroid
gadw,gadw_cluster_5,AGGTCTGATTTTTACGTGAT,centroid
gadw,gadw_cluster_6,AGTACTAATAGTGATATTTT,centroid
gadw,gadw_cluster_7,AATATCTGATTTTGATATTTT,centroid
gadw,gadw_cluster_8,AATGCAGTCGATTTAATAAAA,centroid
gadw,gadw_cluster_9,CTGGAAATAAGATCAGCCAT,centroid
gadw,gadw_cluster_10,AGGATATAAACATCAGACAG,centroid
gadw,gadw_cluster_11,ATGGCTGATATTTTCCGTAG,centroid
gadw,gadw_cluster_12,ATGTTAAATGTTTATATTAT,centroid
gadw,gadw_cluster_13,TTGTATTGTTTTTCAATGAA,centroid
gadw,gadw_cluster_14,ATTTTGTTATTTAAATTAAG,centroid
gadw,gadw_cluster_15,TTAGCCATTTCAAACATTAT,centroid
gadw,gadw_cluster_16,TTTACGTTACTATCAGGCAT,centroid
gadw,gadw_cluster_17,TTTTTATAAACATAAGCTAT,centroid
gadx,gadx_cluster_1,AAAATATCAAAATCAGATAT,centroid
gadx,gadx_cluster_2,AAATATTATTCGCGTAATAT,centroid
gadx,gadx_cluster_3,AAAGTCGTTTTTCTGCTTAG,centroid
gadx,gadx_cluster_4,AAAGTCTGTTTTTAATATTAT,centroid
gadx,gadx_cluster_5,AAGGTCTGATTTTTACGTGAT,centroid
gadx,gadx_cluster_6,AGTACTAATAGTGATATTTT,centroid
gadx,gadx_cluster_7,ATGCAGTCGATTTAATAAAA,centroid
gadx,gadx_cluster_8,AATGCCTTGCTTCCATTGCGG,centroid
gadx,gadx_cluster_9,ACTGGAAATAAGATCAGCCAT,centroid
gadx,gadx_cluster_10,AGGATATAAACATCAGACAG,centroid
gadx,gadx_cluster_11,AGGTGCGATGATTGCGTTAT,centroid
gadx,gadx_cluster_12,ATAAATCCTACTTTTTTATTG,centroid
gadx,gadx_cluster_13,ATCAGACAGGTTTACGTTAC,centroid
gadx,gadx_cluster_14,ATCTTAGATACCCCTCCAAG,centroid
gadx,gadx_cluster_15,ATGCACTTGCATAACCTGTTG,centroid
gadx,gadx_cluster_16,ATGGCTGATATTTTCCGTAG,centroid
gadx,gadx_cluster_17,CATGTTAAATGTTTATATTAT,centroid
gadx,gadx_cluster_18,TTGTATTGTTTTTCAATGAA,centroid
gadx,gadx_cluster_19,ATTTTGTTATTTAAATTAAG,centroid
gadx,gadx_cluster_20,GCACGGGAAACTTTGTGCTCT,centroid
gadx,gadx_cluster_21,CATTCGGTGGGAAGTCATCA,centroid
gadx,gadx_cluster_22,CCAGGGCAGAAAGCATCCAA,centroid
gadx,gadx_cluster_23,GAGTCCTTTGCACTTGCTTA,centroid
gadx,gadx_cluster_24,CTATTATGGTTTTAATATTT,centroid
gadx,gadx_cluster_25,GGAGACACAGAATGCGCATAA,centroid
gadx,gadx_cluster_26,GATGCCTGAAAATCGGCACC,centroid
gadx,gadx_cluster_27,TGTAATAATTTTATAAATGCG,centroid
gadx,gadx_cluster_28,TTAAATATAACTTTTACTGGA,centroid
gadx,gadx_cluster_29,TCACCCCCCTCTCAGTGCAG,centroid
gadx,gadx_cluster_30,TGTTGATAAGGATAGTAACA,centroid
gadx,gadx_cluster_31,TTAGCCATTTCAAACATTAT,centroid
gadx,gadx_cluster_32,TTTATCGATAAATCCTACTTT,centroid
gadx,gadx_cluster_33,TTTACGTTACTATCAGGCAT,centroid
gadx,gadx_cluster_34,TTTATTTCAATACAATGAGT,centroid
gadx,gadx_cluster_35,TTTTTAGCTAAATCTGCTAT,centroid
gadx,gadx_cluster_36,TTTTTTATAAACATAAGCTAT,centroid
galr,galr_cluster_1,ACTCAATTATTTTCAT,centroid
galr,galr_cluster_2,GATGTAACCGCTTTCAA,centroid
galr,galr_cluster_3,ATGTAAGCGTTTACCC,centroid
galr,galr_cluster_4,CTGAAACCGATTACAC,centroid
galr,galr_cluster_5,CTGTAACCGTTTCCAT,centroid
galr,galr_cluster_6,CTGTGGCAACGGTTTCC,centroid
galr,galr_cluster_7,GGTGTAATTGCTGGCG,centroid
galr,galr_cluster_8,GTTACCGGTGGTAGCG,centroid
galr,galr_cluster_9,TGTGTAAACGATTCCAC,centroid
galr,galr_cluster_10,GTGTAAGCGATTACAC,centroid
galr,galr_cluster_11,TTCACAGTTGTTACAT,centroid
galr,galr_cluster_12,TTGTAATATTTTCATAT,centroid
gals,gals_cluster_1,ACTCAATTATTTTCAT,centroid
gals,gals_cluster_2,GATGTAACCGCTTTCAA,centroid
gals,gals_cluster_3,ATGTAAGCGTTTACCC,centroid
gals,gals_cluster_4,GGTGGTAGCGGTTACA,centroid
gals,gals_cluster_5,CTGAAACCGATTACACC,centroid
gals,gals_cluster_6,CTGTAACCGTTTCCAT,centroid
gals,gals_cluster_7,GGTGTAATTGCTGGCG,centroid
gals,gals_cluster_8,TGTGGCAACGGTTTCCC,centroid
gals,gals_cluster_9,GTGTAAACGATTCCAC,centroid
gals,gals_cluster_10,GTGTAAGCGATTACAC,centroid
gals,gals_cluster_11,TTCACAGTTGTTACAT,centroid
gals,gals_cluster_12,TTGTAATATTTTCATAT,centroid
glcc,glcc_cluster_1,GTGCACAGGTAGGACC,centroid
iclr,iclr_cluster_1,ATGAAAATGATTTCCA,centroid
iclr,iclr_cluster_2,TGGAAATTGTTTTTG,centroid
lrp,lrp_cluster_1,AAAAAAGAATAAA,centroid
lrp,lrp_cluster_2,AAATAAGAATTA,centroid
lrp,lrp_cluster_3,AAAGATAAAATCCAT,centroid
lrp,lrp_cluster_4,AAATAAAAATATCTG,centroid
lrp,lrp_cluster_5,TAACATGAAAGTTAAA,centroid
lrp,lrp_cluster_6,AACGGAGCTGCCATGC,centroid
lrp,lrp_cluster_7,AACGTTATCCGGACG,centroid
lrp,lrp_cluster_8,AAGCGTGTATTTTTGTGAGCTGTTT,centroid
lrp,lrp_cluster_9,AGTTACACGTTATTT,centroid
lrp,lrp_cluster_10,TAATAAAAATTTCCTA,centroid
lrp,lrp_cluster_11,AATGGACTTGCCGACT,centroid
lrp,lrp_cluster_12,TAATTAAAGAGGT,centroid
lrp,lrp_cluster_13,CAGAAAACCAGGTTA,centroid
lrp,lrp_cluster_14,ACAGAGTAAAGCGTT,centroid
lrp,lrp_cluster_15,ACAGATAAAAATTAC,centroid
lrp,lrp_cluster_16,ACAGCACAAAATTCTG,centroid
lrp,lrp_cluster_17,ACAGCGAAAAGTTGT,centroid
lrp,lrp_cluster_18,ACAGTAAAAACATCG,centroid
lrp,lrp_cluster_19,ACAGTATTTTGTATG,centroid
lrp,lrp_cluster_20,CATTCAGTGCTGTCA,centroid
lrp,lrp_cluster_21,ACCGGGCATAATTCT,centroid
lrp,lrp_cluster_22,ACGGCGTTAAATACC,centroid
lrp,lrp_cluster_23,ACGGTTAAAAATTCT,centroid
lrp,lrp_cluster_24,CTACAATTTATTAAC,centroid
lrp,lrp_cluster_25,AGAAAATTATTT,centroid
lrp,lrp_cluster_26,AGAATAAAAAAT,centroid
lrp,lrp_cluster_27,AGAATAATTTTTC,centroid
lrp,lrp_cluster_28,AGAGATATTTCTGCT,centroid
lrp,lrp_cluster_29,AGCAAAAATAAA,centroid
lrp,lrp_cluster_30,AGCAGCATGAAAATT,centroid
lrp,lrp_cluster_31,GGCATATAACAGAGG,centroid
lrp,lrp_cluster_32,AGTAGCATGAAACGT,centroid
lrp,lrp_cluster_33,AGTATAAAATGCTGG,centroid
lrp,lrp_cluster_34,AGTCAGGAATTGACT,centroid
lrp,lrp_cluster_35,GAGTTTTCATAAT,centroid
lrp,lrp_cluster_36,ATAGCATTAAATATT,centroid
lrp,lrp_cluster_37,ATAGTGTTTTATACT,centroid
lrp,lrp_cluster_38,ATATCTGATTTTGATA,centroid
lrp,lrp_cluster_39,ATATGCGCATAACCATG,centroid
lrp,lrp_cluster_40,ATCATTCGTTATT,centroid
lrp,lrp_cluster_41,ATGTAAATACCATGT,centroid
lrp,lrp_cluster_42,ATGTTGTACTAAAAA,centroid
lrp,lrp_cluster_43,GATTCAATTATCG,centroid
lrp,lrp_cluster_44,ATTCGGTTTTTTTTA,centroid
lrp,lrp_cluster_45,TTGTCTTATTCAAAT,centroid
lrp,lrp_cluster_46,ATTTATCCTGAATTT,centroid
lrp,lrp_cluster_47,CATTTTGATGGTTATT,centroid
lrp,lrp_cluster_48,CAATATAAACATCTA,centroid
lrp,lrp_cluster_49,CCAATTAATATTATCAA,centroid
lrp,lrp_cluster_50,CACAGAATATTGCAC,centroid
lrp,lrp_cluster_51,CACCGAAAGGTC,centroid
lrp,lrp_cluster_52,CAGAGTGCCACTAAT,centroid
lrp,lrp_cluster_53,CCAGATAATACTCTCTG,centroid
lrp,lrp_cluster_54,CAGCAGGAGATACTA,centroid
lrp,lrp_cluster_55,CAGCCGATTTATTAT,centroid
lrp,lrp_cluster_56,CAGCGATATACGCTA,centroid
lrp,lrp_cluster_57,CAGGGAGATGTGAGC,centroid
lrp,lrp_cluster_58,CAGTATCTGATGCAT,centroid
lrp,lrp_cluster_59,CATAATGTGGTGCTG,centroid
lrp,lrp_cluster_60,GCATCAGGATAAA,centroid
lrp,lrp_cluster_61,CATTGTTGTCGGCGC,centroid
lrp,lrp_cluster_62,CCAGCATATAAATCC,centroid
lrp,lrp_cluster_63,CCAGCGAAAAATAAT,centroid
lrp,lrp_cluster_64,CCAGGATAAAATGTC,centroid
lrp,lrp_cluster_65,CCCGCACAATGATCC,centroid
lrp,lrp_cluster_66,CCCGTGTTTATGTCT,centroid
lrp,lrp_cluster_67,CCGGATAATGTTAGC,centroid
lrp,lrp_cluster_68,CCGGATTTTATTCGG,centroid
lrp,lrp_cluster_69,CCGGTTTTTTATTCT,centroid
lrp,lrp_cluster_70,CCTCATTCTTCTCTC,centroid
lrp,lrp_cluster_71,CGAAGCGCAAAATAT,centroid
lrp,lrp_cluster_72,CGAGTTGTCATACTG,centroid
lrp,lrp_cluster_73,CGATTTTTCAAT,centroid
lrp,lrp_cluster_74,CGCAGAATAATCATC,centroid
lrp,lrp_cluster_75,CGCAGGGCAAAAAGT,centroid
lrp,lrp_cluster_76,CGGAATTTTATGCTG,centroid
lrp,lrp_cluster_77,CGTGTTGGATTATTCT,centroid
lrp,lrp_cluster_78,CTATCAATCTATGCCA,centroid
lrp,lrp_cluster_79,CTCCTGTTTATTCTT,centroid
lrp,lrp_cluster_80,TGATTTTCTCCT,centroid
lrp,lrp_cluster_81,CTTATTAGTTTTTCTG,centroid
lrp,lrp_cluster_82,CTTGAAATTATTCTG,centroid
lrp,lrp_cluster_83,GAAAGCGTGAAAAAC,centroid
lrp,lrp_cluster_84,GAAGTTTAATTC,centroid
lrp,lrp_cluster_85,GAGAATTTTTTTCTT,centroid
lrp,lrp_cluster_86,GAGCACCTCATTTCA,centroid
lrp,lrp_cluster_87,GAGGATTTTATCGTT,centroid
lrp,lrp_cluster_88,GCAAAATTATCTGCT,centroid
lrp,lrp_cluster_89,GCAGGATAAAGCACC,centroid
lrp,lrp_cluster_90,GCAGTGAAAAAATCT,centroid
lrp,lrp_cluster_91,GCATATAACAGA,centroid
lrp,lrp_cluster_92,GCATTAATTCTTGCC,centroid
lrp,lrp_cluster_93,GCGCTATTTTGTGTT,centroid
lrp,lrp_cluster_94,GCGGTTGATCCTGCG,centroid
lrp,lrp_cluster_95,GCTGTGGATTACGCT,centroid
lrp,lrp_cluster_96,GGAAGAAAAAAAACAG,centroid
lrp,lrp_cluster_97,GGCCAGATAATATGT,centroid
lrp,lrp_cluster_98,TGGTAGCACAGAATAA,centroid
lrp,lrp_cluster_99,GTAGCAGAAAATGCT,centroid
lrp,lrp_cluster_100,TCCGGGGTTTTT,centroid
lrp,lrp_cluster_101,GTCTGGTTTATTCTGC,centroid
lrp,lrp_cluster_102,GTGTGGTAGGCGTTG,centroid
lrp,lrp_cluster_103,TTTGTTGTTGGA,centroid
lrp,lrp_cluster_104,TAAAAACATAACCGAG,centroid
lrp,lrp_cluster_105,TAACGGATGAAATTC,centroid
lrp,lrp_cluster_106,TAAGCATTAAAATTT,centroid
lrp,lrp_cluster_107,TAATATTTTCAACTGA,centroid
lrp,lrp_cluster_108,TACAAAAACTGACTA,centroid
lrp,lrp_cluster_109,TAGAATATTAAGCCA,centroid
lrp,lrp_cluster_110,TAGAATTTTATTCTG,centroid
lrp,lrp_cluster_111,TAGATTATTATTCTT,centroid
lrp,lrp_cluster_112,TAGCATATTCAC,centroid
lrp,lrp_cluster_113,TCAGGAAAAATTTCC,centroid
lrp,lrp_cluster_114,TCCGCAAAATACACC,centroid
lrp,lrp_cluster_115,TCTGCATTTTTTATT,centroid
lrp,lrp_cluster_116,TGCAGTATTGTTTGC,centroid
lrp,lrp_cluster_117,TTATTCTGTGCT,centroid
lrp,lrp_cluster_118,TTCAGGAAAAACAGTT,centroid
lrp,lrp_cluster_119,TTGGCACAAAAATTT,centroid
lrp,lrp_cluster_120,TTTACCCCTATTTCA,centroid
lrp,lrp_cluster_121,TTTATTACCGTCATT,centroid
mlc,mlc_cluster_1,ATATTTTACCTTTCGAAATTTCT,centroid
mlc,mlc_cluster_2,ATTAATTACGAAGCGCAAAAAAA,centroid
mlc,mlc_cluster_3,GATTATTTCGGAGCGCGAAAATAT,centroid
mlc,mlc_cluster_4,ATTATTTTGATGCGCGAAATTAA,centroid
mlc,mlc_cluster_5,TTATTTTACTCTGTGTAATAAAT,centroid
mlc,mlc_cluster_6,TTTTTTCGATATCTAAAATAAAT,centroid
mlc,mlc_cluster_7,TTTTTTTAAAGCTCGTAATTAATG,centroid
pepa,pepa_cluster_1,ATTTGGTCCACTTTTTTCTGCTCGTTT,centroid
pepa,pepa_cluster_2,CGTCTTTTGCAGGATTTTAGCTTGTTT,centroid
pepa,pepa_cluster_3,TAATGCCTGTAAAACATGCATGAGCCA,centroid
rbsr,rbsr_cluster_1,GCCAGTATTCGTTTCTGTGT,centroid
rbsr,rbsr_cluster_2,GTAAAAAATCGTTGCGCAAT,centroid
rbsr,rbsr_cluster_3,GTTGCGCAAACGTTTTCGTTA,centroid
rbsr,rbsr_cluster_4,TCAGCGAAACGTTTCGCTGA,centroid
rob,rob_cluster_1,TAAAACAGCAAAAAATGCTAT,centroid
rob,rob_cluster_2,AAAGCTATAACTGTTAAACA,centroid
rob,rob_cluster_3,ACCGCACAAAAGGGGAGTGC,centroid
rob,rob_cluster_4,ACGACACGTTTCATTAAGAT,centroid
rob,rob_cluster_5,ACGGCATTGATAATCATTTT,centroid
rob,rob_cluster_6,GTGGCACGTTTGGCGAAATT,centroid
rob,rob_cluster_7,ATAGCGCATTTTTCTCGCTT,centroid
rob,rob_cluster_8,ATAGCTCACTTTGTTAACAA,centroid
rob,rob_cluster_9,ATCGCATAAACCACTACATC,centroid
rob,rob_cluster_10,CATGGCACGAAAGACCAAACA,centroid
rob,rob_cluster_11,ATGGCACGTAACGCCAACCT,centroid
rob,rob_cluster_12,ATTTAGCAAAACGTGGCATC,centroid
rob,rob_cluster_13,CAGCACTGAATGTCAAAACA,centroid
rob,rob_cluster_14,CTCTTTTATCAATTTGGGTT,centroid
rob,rob_cluster_15,TAATCGCACGGGTGGATAAG,centroid
rob,rob_cluster_16,GTCGCTCGTTACGTTAAAAA,centroid
rob,rob_cluster_17,TTTGCACATTTTGCTAATTTC,centroid
rutr,rutr_cluster_1,TTGACTACCTGGGTGGTCAA,centroid
rutr,rutr_cluster_2,GTTTTGACCGTTTAGTCCA,centroid
rutr,rutr_cluster_3,TAGACCGACTGGTCTA,centroid
rutr,rutr_cluster_4,TTGACCATTTGGTCCA,centroid
rutr,rutr_cluster_5,TTGTCGAATTTGTCAT,centroid
torr,torr_cluster_1,AATCTTTAAA,centroid
torr,torr_cluster_2,GACATATACAG,centroid
torr,torr_cluster_3,AGCCGTTCATC,centroid
torr,torr_cluster_4,ATTTTGATAT,centroid
torr,torr_cluster_5,CGATTCACAT,centroid
torr,torr_cluster_6,TCGATTCACGT,centroid
torr,torr_cluster_7,CTGTTCATAT,centroid
torr,torr_cluster_8,CTGTTTTTAA,centroid
yiau,yiau_cluster_1,AAAAACAATATGTCGTTAT,centroid
yiau,yiau_cluster_2,TCGGCGATGACCTGGATCAATCGTCCCGGCCT,centroid
arac,arac_cluster_1,CAAGGATTTCCAGGCTA,non-centroid
arac,arac_cluster_2,GGGGCGAATTATCTCTT,non-centroid
arac,arac_cluster_3,TAGCAGTGTGAAATAAC,non-centroid
arac,arac_cluster_4,TGCTGTTTCCGACCTGA,non-centroid
arac,arac_cluster_5,CAGAGCAGGAAAATCCATAA,non-centroid
arac,arac_cluster_6,CAGCAATTTAATCCATA,non-centroid
arac,arac_cluster_7,TCAGCAGGATAATGAATA,non-centroid
arac,arac_cluster_8,TGAGCAACTGAAAGGGAG,non-centroid
arac,arac_cluster_9,TATAGACACTTTTGTTAC,non-centroid
arac,arac_cluster_10,TATGCACGTTCTCACTG,non-centroid
arac,arac_cluster_11,TATGGACAATTGGTTTCT,non-centroid
arac,arac_cluster_12,TATGGATAAAAATGCTA,non-centroid
arac,arac_cluster_13,TTATGGATTAATCTGCTG,non-centroid
arac,arac_cluster_14,TTATGTCTTTTCCCGCTA,non-centroid
arac,arac_cluster_15,TCAGGTAGGATCCGCTAA,non-centroid
arac,arac_cluster_16,TGTGGACTTTTCTGCCGT,non-centroid
arca,arca_cluster_1,AAACATACTTGCAACA,non-centroid
arca,arca_cluster_2,AATATCGGTAATTTG,non-centroid
arca,arca_cluster_3,AACGGTTAATTATGAC,non-centroid
arca,arca_cluster_4,AATATAATGAACAAT,non-centroid
arca,arca_cluster_5,AATGATTTTGTGAACA,non-centroid
arca,arca_cluster_6,AATTAAAATTTTATTG,non-centroid
arca,arca_cluster_7,AATTATATTGTAAAC,non-centroid
arca,arca_cluster_8,ACAAAACTTGATTAAC,non-centroid
arca,arca_cluster_9,CAAACTGATTATTAA,non-centroid
arca,arca_cluster_10,ACAATAAAATCCATTT,non-centroid
arca,arca_cluster_11,ACATCAATTTGATAAC,non-centroid
arca,arca_cluster_12,CTTTATAATTAACAG,non-centroid
arca,arca_cluster_13,CTTTTGCTATAAATA,non-centroid
arca,arca_cluster_14,AGAAAGGTGATTATCA,non-centroid
arca,arca_cluster_15,AGTAAATAATTCGTTA,non-centroid
arca,arca_cluster_16,AGTAAATATATTGTTG,non-centroid
arca,arca_cluster_17,AGTTAAATATAAGTAA,non-centroid
arca,arca_cluster_18,GTTAAATATTTCCGC,non-centroid
arca,arca_cluster_19,GTTAATATTATGTTA,non-centroid
arca,arca_cluster_20,AGTTAATTAAATGATA,non-centroid
arca,arca_cluster_21,AGTTGTGATCAAGCCT,non-centroid
arca,arca_cluster_22,ATAAAAATTTGTTAAA,non-centroid
arca,arca_cluster_23,ATAACAATTAATTTAC,non-centroid
arca,arca_cluster_24,TAATATTTCCTTTAC,non-centroid
arca,arca_cluster_25,ATAATCAATTGTTAAA,non-centroid
arca,arca_cluster_26,ATATCATTTAATTAA,non-centroid
arca,arca_cluster_27,ATCACAATAAGAAAAC,non-centroid
arca,arca_cluster_28,TGTTTTAATTACAGG,non-centroid
arca,arca_cluster_29,ATTAACAATTGGTTAA,non-centroid
arca,arca_cluster_30,TATTAATCAAAATTAA,non-centroid
arca,arca_cluster_31,ATTACATAAATTTAAC,non-centroid
arca,arca_cluster_32,ATTCACATCATTAACC,non-centroid
arca,arca_cluster_33,ATTGAAACATGATTAA,non-centroid
arca,arca_cluster_34,ATTGATAATCATTTTC,non-centroid
arca,arca_cluster_35,ATTGCATGTTATTTAC,non-centroid
arca,arca_cluster_36,ATTGTAATGATTTTGT,non-centroid
arca,arca_cluster_37,ATTTAACTAATGTTTA,non-centroid
arca,arca_cluster_38,ATTTACATTTATGTAA,non-centroid
arca,arca_cluster_39,ATTTCAATAAATTTA,non-centroid
arca,arca_cluster_40,TTTGGATAATCAAAT,non-centroid
arca,arca_cluster_41,ATTTTAAATAGTAACA,non-centroid
arca,arca_cluster_42,CAAACATATAAATCAC,non-centroid
arca,arca_cluster_43,CAAATCATTAACAAA,non-centroid
arca,arca_cluster_44,GCAACGCTTTGATAAC,non-centroid
arca,arca_cluster_45,CAATTTAACATTGAG,non-centroid
arca,arca_cluster_46,CACTCATTTTATTAAC,non-centroid
arca,arca_cluster_47,CATAACATTTAGTTAA,non-centroid
arca,arca_cluster_48,GCATAAGTTGATGTAA,non-centroid
arca,arca_cluster_49,CATTATCCCTACACAA,non-centroid
arca,arca_cluster_50,CATTTTAATTAATTT,non-centroid
arca,arca_cluster_51,CCAGCATATAATCAA,non-centroid
arca,arca_cluster_52,CCATTTTTATCGCTAA,non-centroid
arca,arca_cluster_53,CCGAGGTCACAACATA,non-centroid
arca,arca_cluster_54,CCGTTTAGTCCACTTT,non-centroid
arca,arca_cluster_55,CGGTAATACGCCGTTA,non-centroid
arca,arca_cluster_56,CGTAATATATACGTG,non-centroid
arca,arca_cluster_57,CGTTAAGTAATTGAGA,non-centroid
arca,arca_cluster_58,CGTTACTAAGACGTGA,non-centroid
arca,arca_cluster_59,CGTTATCAAAGCGTAA,non-centroid
arca,arca_cluster_60,CGTTATTTATATGTTA,non-centroid
arca,arca_cluster_61,CTAACAAGAAAATTAC,non-centroid
arca,arca_cluster_62,CTAACTTAGTGTTGAC,non-centroid
arca,arca_cluster_63,CTCACACATTTTAAAC,non-centroid
arca,arca_cluster_64,CTTTAATAGATAAAC,non-centroid
arca,arca_cluster_65,CTTTAATTAATTACAC,non-centroid
arca,arca_cluster_66,CTTTTTTATGTTGCTT,non-centroid
arca,arca_cluster_67,GAAAATGATTATCAA,non-centroid
arca,arca_cluster_68,GAAACCTTAATTAAAC,non-centroid
arca,arca_cluster_69,GAGTTTTTATTAACA,non-centroid
arca,arca_cluster_70,GCGAATTAACGAAGTT,non-centroid
arca,arca_cluster_71,GCTAACAAAATGTTG,non-centroid
arca,arca_cluster_72,GCTATAAATTGATCAC,non-centroid
arca,arca_cluster_73,GGTAATGAAATTGTAA,non-centroid
arca,arca_cluster_74,GGTTAAATCTTGGTTT,non-centroid
arca,arca_cluster_75,GGTTAATAATAATTAT,non-centroid
arca,arca_cluster_76,GGTTAATGAAATGTTG,non-centroid
arca,arca_cluster_77,TGGTTCATTATAGTTA,non-centroid
arca,arca_cluster_78,GGTTTCAAAATTGTGA,non-centroid
arca,arca_cluster_79,GTAAAAAAATGGTTA,non-centroid
arca,arca_cluster_80,GTATTGACAAGCCAAT,non-centroid
arca,arca_cluster_81,GTGTTGTGTAACAATG,non-centroid
arca,arca_cluster_82,GTTAAATAATTGTTT,non-centroid
arca,arca_cluster_83,GTTAACAAAAATAAA,non-centroid
arca,arca_cluster_84,GTTAACAATTTTGTAA,non-centroid
arca,arca_cluster_85,GTTAACTAAATGTTAA,non-centroid
arca,arca_cluster_86,GTTAATAACCATTAAT,non-centroid
arca,arca_cluster_87,GTTAATCTGGACCTAC,non-centroid
arca,arca_cluster_88,GTTAATCTTAGGTGAA,non-centroid
arca,arca_cluster_89,GTTAATTAACAATGTA,non-centroid
arca,arca_cluster_90,GTTAATTAAGAGCTA,non-centroid
arca,arca_cluster_91,GTTAATTATAATATAA,non-centroid
arca,arca_cluster_92,TGTTACATCAATTTAA,non-centroid
arca,arca_cluster_93,GTTACCTTATTGAAAC,non-centroid
arca,arca_cluster_94,GTTACGAATTTGATTT,non-centroid
arca,arca_cluster_95,GTTACGTTAAAAATTG,non-centroid
arca,arca_cluster_96,GTTACTTAAGTGTTA,non-centroid
arca,arca_cluster_97,GTTAGTATCTCGTCG,non-centroid
arca,arca_cluster_98,GTTATAAAAATGTAGC,non-centroid
arca,arca_cluster_99,GTTATCAAATCGTTAC,non-centroid
arca,arca_cluster_100,TGTTATTGACAGTTAG,non-centroid
arca,arca_cluster_101,GTTGAAACGTGATAGC,non-centroid
arca,arca_cluster_102,GTTGAGAAAGGTGATT,non-centroid
arca,arca_cluster_103,TGTTGATATTATGTAA,non-centroid
arca,arca_cluster_104,GTTGCTTTTTTGTAAA,non-centroid
arca,arca_cluster_105,GTTTATCAATATAATA,non-centroid
arca,arca_cluster_106,GTTTCTAATATGTTA,non-centroid
arca,arca_cluster_107,GTTTTGTCAAAATGTG,non-centroid
arca,arca_cluster_108,TAAACATAAAATTAAC,non-centroid
arca,arca_cluster_109,TAAACATAAATGTCAC,non-centroid
arca,arca_cluster_110,TAACAATGTATTCACC,non-centroid
arca,arca_cluster_111,TAACAATTATTTTACA,non-centroid
arca,arca_cluster_112,TAACAATTGGTTAATA,non-centroid
arca,arca_cluster_113,TAACCATTAATTAAC,non-centroid
arca,arca_cluster_114,TAACGAAGTTTTTACG,non-centroid
arca,arca_cluster_115,TAACTTTTATTTAACC,non-centroid
arca,arca_cluster_116,TACACACTTTTTTAAC,non-centroid
arca,arca_cluster_117,TATAATTATAAGTTA,non-centroid
arca,arca_cluster_118,TATCAATAATTCGTTA,non-centroid
arca,arca_cluster_119,TCAACAAAGTTGTTA,non-centroid
arca,arca_cluster_120,TCAACATTTTATACA,non-centroid
arca,arca_cluster_121,TCACCGAAAACAAACA,non-centroid
arca,arca_cluster_122,TCGCGCGTTTACACTT,non-centroid
arca,arca_cluster_123,TCGTATCCGTTATGTT,non-centroid
arca,arca_cluster_124,TGCAAACACTTTGTTA,non-centroid
arca,arca_cluster_125,TGTAAAAAAAGTATAA,non-centroid
arca,arca_cluster_126,TGTAAAAAAGTTGTAA,non-centroid
arca,arca_cluster_127,TGTAAATGGTGTGTTA,non-centroid
arca,arca_cluster_128,TGTAACAAATCATTTA,non-centroid
arca,arca_cluster_129,TGTAACCTATTAGTTT,non-centroid
arca,arca_cluster_130,TGTCAAAGAAATGTAA,non-centroid
arca,arca_cluster_131,TGTGTAATAAATAAA,non-centroid
arca,arca_cluster_132,TGTTAATAAAA,non-centroid
arca,arca_cluster_133,TGTTAATAATAAGTAA,non-centroid
arca,arca_cluster_134,TGTTAATTAATCGTTA,non-centroid
arca,arca_cluster_135,TGTTACTAATTTGTTG,non-centroid
arca,arca_cluster_136,TGTTATCGATT,non-centroid
arca,arca_cluster_137,TGTTGTTTTAATGTAA,non-centroid
arca,arca_cluster_138,TGTTTTTTCAATGTTA,non-centroid
arca,arca_cluster_139,TTAAAAATTGTTAACA,non-centroid
arca,arca_cluster_140,TTAACAAAGTGATGAC,non-centroid
arca,arca_cluster_141,TTAACAATTAGATCAC,non-centroid
arca,arca_cluster_142,TTAACAATTTTGCAA,non-centroid
arca,arca_cluster_143,TTAACACTTCCATAAC,non-centroid
arca,arca_cluster_144,TTAACATGTTTGCAAC,non-centroid
arca,arca_cluster_145,TTAACCTTTTCTTAAA,non-centroid
arca,arca_cluster_146,TTAACTATAATGAACC,non-centroid
arca,arca_cluster_147,TTAACTTTTGTGTAAC,non-centroid
arca,arca_cluster_148,TTTACAAATCAGTAAC,non-centroid
arca,arca_cluster_149,TTACGTTTAGGTAACA,non-centroid
arca,arca_cluster_150,TTATCATTTCATTAAC,non-centroid
arca,arca_cluster_151,TTCACTACGCTTTATTAACAAT,non-centroid
arca,arca_cluster_152,TTCGTCACGTTTTTATAAC,non-centroid
arca,arca_cluster_153,TTTGCATATTTTTAAC,non-centroid
arca,arca_cluster_154,TTGTTATCGAAGTGT,non-centroid
arca,arca_cluster_155,TTTTAAAAAAATGTTA,non-centroid
arca,arca_cluster_156,TTTAAATTTTGACTAA,non-centroid
arca,arca_cluster_157,TTTAACAGGTCATAAA,non-centroid
arca,arca_cluster_158,TTTCACAAATAATTAA,non-centroid
arca,arca_cluster_159,TTTGTGAACCACTTGT,non-centroid
arca,arca_cluster_160,TTTGTTGAATGATTGT,non-centroid
crp,crp_cluster_1,AAAAAATTCTCTTCATTAAATTT,non-centroid
crp,crp_cluster_2,AAAAATAGTGTCGCTGAGCACT,non-centroid
crp,crp_cluster_3,AAAACGTGATCAACCCCTCAATT,non-centroid
crp,crp_cluster_4,AAAACGTTTTATCTGTCACATAA,non-centroid
crp,crp_cluster_5,AAAAGGTGAGAGCCATCACAAAT,non-centroid
crp,crp_cluster_6,AAAATGTCGTTGCGCGCACAGTA,non-centroid
crp,crp_cluster_7,AAATGTGATACCAATCACAGAA,non-centroid
crp,crp_cluster_8,AAAATGTGCTGTTAATCACATGC,non-centroid
crp,crp_cluster_9,AAATTCAATATTCATCACACTT,non-centroid
crp,crp_cluster_10,AAACCATGATCCGCGCCACACTT,non-centroid
crp,crp_cluster_11,AAACGAGAGCAGGATCACCTGC,non-centroid
crp,crp_cluster_12,AAACGTGAACGCAATCGATTAC,non-centroid
crp,crp_cluster_13,AAACGTGATAGCCGTCAAACAA,non-centroid
crp,crp_cluster_14,AAACGTGATTTAACGCCTGATTT,non-centroid
crp,crp_cluster_15,GAAACGTGATTTCATGCGTCATT,non-centroid
crp,crp_cluster_16,AAACGTGGCATCGGTCAATTCAT,non-centroid
crp,crp_cluster_17,AAACGTTAACTGAAACGCATAT,non-centroid
crp,crp_cluster_18,AAACTGAGACTAGTACGACTTTTT,non-centroid
crp,crp_cluster_19,AACTGGAACGCTTTTCGCATTC,non-centroid
crp,crp_cluster_20,AACTGTGAGCCAAAGCGTTGTT,non-centroid
crp,crp_cluster_20,AACTGTGAGCCAAAGCGTTGTTT,non-centroid
crp,crp_cluster_20,AAACTGTGAGCCAAAGCGTTGT,non-centroid
crp,crp_cluster_21,AAACTGTGGTTGCCATCACAGAT,non-centroid
crp,crp_cluster_22,AAACTTGATGCACGTCAAAAAAT,non-centroid
crp,crp_cluster_23,AACTTGCGTGACTACACATTCT,non-centroid
crp,crp_cluster_24,AAAGTGTGATCGGGGACAATATA,non-centroid
crp,crp_cluster_25,AAAGTGTGATGTGAGTCAGATAA,non-centroid
crp,crp_cluster_26,AAATAGAGATCTACTTCACAAAT,non-centroid
crp,crp_cluster_27,AAATAGTGACGCGCTTCGCAACC,non-centroid
crp,crp_cluster_28,GAAATATGACGGTGTTCACAAAG,non-centroid
crp,crp_cluster_29,AATCTTTATCTTTGTAGCACTT,non-centroid
crp,crp_cluster_30,AAATGTAAGCTGTGCCACGTTT,non-centroid
crp,crp_cluster_31,AAATGTATGACAGATCACTATTT,non-centroid
crp,crp_cluster_32,GAAATGTGAAGAGGGTCATAACC,non-centroid
crp,crp_cluster_33,AAATGTGACACTACTCACATTTA,non-centroid
crp,crp_cluster_34,AAATGTGACGCAAAGAGGTTTTT,non-centroid
crp,crp_cluster_35,AAATGTGCACAGTTTCATGATTT,non-centroid
crp,crp_cluster_36,AAATGTGTGCTCGATCTCATTCA,non-centroid
crp,crp_cluster_37,AAATGTTATCCACATCACAATTT,non-centroid
crp,crp_cluster_38,AAATTCGACAAAGCGCACAATC,non-centroid
crp,crp_cluster_39,AATTCGTGATAGCTGTCGTAAA,non-centroid
crp,crp_cluster_40,AATTGACTTTCTCATCACATCA,non-centroid
crp,crp_cluster_41,AAATTGCGATCTAAATCAAATTA,non-centroid
crp,crp_cluster_42,AAATTGGAATATCCATCACATAA,non-centroid
crp,crp_cluster_43,AAATTGTGAACATCATCACGTTC,non-centroid
crp,crp_cluster_44,AAATTGTGATCTTCGCTGCGTTT,non-centroid
crp,crp_cluster_45,CAAATTTGAAGTAGCTCACACTT,non-centroid
crp,crp_cluster_46,AAATTTGCGATGCGTCGCGCATT,non-centroid
crp,crp_cluster_47,AAATTTTACTTTTGGTTACATAT,non-centroid
crp,crp_cluster_48,AACAGTGATCCAGGTCACGATA,non-centroid
crp,crp_cluster_49,AACAGTTATTTTTAACAAATTTT,non-centroid
crp,crp_cluster_50,AACATGCTGTAGATCACATCAG,non-centroid
crp,crp_cluster_51,AACATGTGAGCGAGATCAAATTC,non-centroid
crp,crp_cluster_52,ACCAAAAATGTCATCTGCCATG,non-centroid
crp,crp_cluster_53,AACTGCGACCACGGTCACAGCG,non-centroid
crp,crp_cluster_54,TAACTGCGAGCATGGTCATATTT,non-centroid
crp,crp_cluster_55,GAACTGTGAAACGAAACATATTT,non-centroid
crp,crp_cluster_56,GAACTGTGACGGATTTCGCACCC,non-centroid
crp,crp_cluster_57,CAACTGTGATAGTGTCATCATTT,non-centroid
crp,crp_cluster_58,AACTTGTGGATAAAATCACGGTC,non-centroid
crp,crp_cluster_59,AGAGGTGATTTTGATCACGGAA,non-centroid
crp,crp_cluster_60,AGATCACATTT,non-centroid
crp,crp_cluster_61,AGATGTGAGCGATAACCCATTT,non-centroid
crp,crp_cluster_62,AAGCAGGATTTAGCTCACACTTA,non-centroid
crp,crp_cluster_63,AAGCGGTGATCTATTTCACAAAT,non-centroid
crp,crp_cluster_64,AAGCGTGATGCATCTCACCTTT,non-centroid
crp,crp_cluster_65,AAGGCGACCTGGGTCATGCTGA,non-centroid
crp,crp_cluster_66,AAGTGCGAGCAAGCTCACAAAAG,non-centroid
crp,crp_cluster_67,AAGTGTGACCCGGTTCACGTAGC,non-centroid
crp,crp_cluster_68,AAGTGTGACCGCCGTCATATTAC,non-centroid
crp,crp_cluster_69,AAGTGTGACGCCGTGCAAATAA,non-centroid
crp,crp_cluster_70,AAGTGTGATCTACGTCACTCATA,non-centroid
crp,crp_cluster_71,AAGTGTGCGCTCGCTCGCAAAAT,non-centroid
crp,crp_cluster_72,AAGTTTGAATTGTTACAAAAAGA,non-centroid
crp,crp_cluster_73,AATAATGAAAAGGATGACATATT,non-centroid
crp,crp_cluster_74,ATAATTGTTTTATTTCACATTG,non-centroid
crp,crp_cluster_75,AATAGTGACCTCGCGCAAAATGC,non-centroid
crp,crp_cluster_76,ATATGTGATATGAATCACATAT,non-centroid
crp,crp_cluster_77,AATCGTGATGAAAATCACATTTT,non-centroid
crp,crp_cluster_78,AATCTGCATCGGAATTTGCAGGC,non-centroid
crp,crp_cluster_79,ATCTGTGAGTGATTTCACAGTA,non-centroid
crp,crp_cluster_80,CAATGGTTGACCAATTTACATAA,non-centroid
crp,crp_cluster_81,ATGTGTGCGGCAATTCACATTT,non-centroid
crp,crp_cluster_82,AATTACAAGGCACATCACGTTA,non-centroid
crp,crp_cluster_83,AATTGAGAACTTACTCAAATTTC,non-centroid
crp,crp_cluster_84,AATTGGTTAACCACATCACAAGA,non-centroid
crp,crp_cluster_85,AATTGTGACACAGTGCAAATTCA,non-centroid
crp,crp_cluster_86,AATTGTGAGCGGATAACAATTT,non-centroid
crp,crp_cluster_87,AATTGTGATCACGCCCGCACAT,non-centroid
crp,crp_cluster_88,AATTGTGATCTATATTTAACAAA,non-centroid
crp,crp_cluster_89,AATTGTGATGACGATCACACAT,non-centroid
crp,crp_cluster_90,AATTGTGATGTGTATCGAAGTGT,non-centroid
crp,crp_cluster_91,AATTGTTAACAATTTTGTAAAAT,non-centroid
crp,crp_cluster_92,AATTGTTTTTGATTTTGCATTTT,non-centroid
crp,crp_cluster_93,AATTTGGGTTGTTATCAAATCGT,non-centroid
crp,crp_cluster_94,ATTTGTGAGTGGTCGCACATAT,non-centroid
crp,crp_cluster_95,AATTTGTGATACATGTCAAAAAA,non-centroid
crp,crp_cluster_96,AATTTTGCGCTAAAGCACATTTC,non-centroid
crp,crp_cluster_97,ACAATTAAGATCACAG,non-centroid
crp,crp_cluster_98,ACATCTGGGTAGCATCACAGCAG,non-centroid
crp,crp_cluster_99,ACATCTTGAAATAATCACATTG,non-centroid
crp,crp_cluster_100,ACATTAGGATTTTGTTATTTAAA,non-centroid
crp,crp_cluster_101,ACATTTCTGATGATTAGCATTCC,non-centroid
crp,crp_cluster_102,ACCGGGTATTAGCACCACATATA,non-centroid
crp,crp_cluster_103,ACTTCGTGAACGATCCCACGAAT,non-centroid
crp,crp_cluster_104,CTTTGTGATCTCTCTCGCACCC,non-centroid
crp,crp_cluster_105,AGAGTTGACATAGTGCGCGTTTG,non-centroid
crp,crp_cluster_106,GAGATATGATCTATATCAATTTC,non-centroid
crp,crp_cluster_107,AGATCGTGAACTACGGCACACTT,non-centroid
crp,crp_cluster_108,AGATGTGAGCCAGCTCACCATAA,non-centroid
crp,crp_cluster_109,AGATGTGATTAGATTATTATTCT,non-centroid
crp,crp_cluster_110,AGATGTGTACGAAATCACATTT,non-centroid
crp,crp_cluster_111,AGCCTGGGATGAAAGTGACATTT,non-centroid
crp,crp_cluster_112,AGGATGTGACATTCATCGCAACA,non-centroid
crp,crp_cluster_113,AGTGAGAGAACAATGTCAAACAA,non-centroid
crp,crp_cluster_114,AGTGGGATTAATTTCCACATTA,non-centroid
crp,crp_cluster_115,AGTTGTTAAAATGTGCACAGTTT,non-centroid
crp,crp_cluster_116,ATAAATCGAGCCTGCTCCCAGCA,non-centroid
crp,crp_cluster_117,ATAAGTGACCGAAATCACACTTA,non-centroid
crp,crp_cluster_118,ATAGCGTTAACTGCTTCAAATTT,non-centroid
crp,crp_cluster_119,CATCAGCGACATCTGTCACATTC,non-centroid
crp,crp_cluster_120,ATGAGTGTTGTTATTACCCGAC,non-centroid
crp,crp_cluster_121,TATGCCTGACGGAGTTCACACTT,non-centroid
crp,crp_cluster_122,TGCGGTGACGGAGTTCACCCTT,non-centroid
crp,crp_cluster_123,ATGGCTTTATCAGGTGCCTGTTG,non-centroid
crp,crp_cluster_124,TGGTGCGCATGATAACGCCTTT,non-centroid
crp,crp_cluster_124,CGATGGTGCGCATGATAACGCCT,non-centroid
crp,crp_cluster_124,GATGGTGCGCATGATAACGCCT,non-centroid
crp,crp_cluster_125,TGGTGTGATCGGGGTTCAATAA,non-centroid
crp,crp_cluster_126,ATGTGATTAGATTATTATTCTT,non-centroid
crp,crp_cluster_127,ATGTGTGAAGTTGATCACAAAT,non-centroid
crp,crp_cluster_127,ATGTGTGAAGTTGATCACAAATT,non-centroid
crp,crp_cluster_127,CATGTGTGAAGTTGATCACAAA,non-centroid
crp,crp_cluster_128,ATGTTAAATTGATGTAACATAAT,non-centroid
crp,crp_cluster_129,ATTACGGATCTTCATCACATAA,non-centroid
crp,crp_cluster_130,TTATTAGTAAGTTATCACCATT,non-centroid
crp,crp_cluster_131,ATTCTTTGATCCATCTCAGAGGA,non-centroid
crp,crp_cluster_132,ATTGGTGAGGAACTTAACAATAT,non-centroid
crp,crp_cluster_133,ATTGGTGATCCATAAAACAATAT,non-centroid
crp,crp_cluster_134,ATTGTTTGATATTTATCATATTA,non-centroid
crp,crp_cluster_135,ATTGTTTGATTTCGCGCATATTC,non-centroid
crp,crp_cluster_136,ATTTAACAAAGTGATGACATTTC,non-centroid
crp,crp_cluster_137,TTTAGTTACATGTTTAACACTT,non-centroid
crp,crp_cluster_138,ATTTATGAGCAGCATCGAAAAA,non-centroid
crp,crp_cluster_139,TATTTCATCTCTATGTCACATTT,non-centroid
crp,crp_cluster_140,ATTTGAGAGTTGAATCTCAAATC,non-centroid
crp,crp_cluster_141,ATTTGCCACAGGTAACAAAAAAC,non-centroid
crp,crp_cluster_141,TTATTTGCCACAGGTAACAAAAA,non-centroid
crp,crp_cluster_142,ATTTGCGATACGAATTAAATTTT,non-centroid
crp,crp_cluster_143,ATTTGCGATGCGTCGCGCATTT,non-centroid
crp,crp_cluster_144,ATTTGCGGAGCTTGTCACAGCTG,non-centroid
crp,crp_cluster_145,ATTTGCGGGTCGCGTCACATTTA,non-centroid
crp,crp_cluster_146,ATTTGTGAATCTTTTCACAGTTT,non-centroid
crp,crp_cluster_147,ATTTGTGATCAACCCCACACATT,non-centroid
crp,crp_cluster_148,ATTTGTGCATAGTTACAACTTTG,non-centroid
crp,crp_cluster_149,ATTTTATGACGAGGCACACACAT,non-centroid
crp,crp_cluster_150,TTTTGTGACACGAATTGCAAAT,non-centroid
crp,crp_cluster_151,TTTTGTGATCTGTTTAAATGTT,non-centroid
crp,crp_cluster_152,CAATGTCATTCGAATTACCTGC,non-centroid
crp,crp_cluster_153,TCACTGTGAGGTATTTGCTAAAG,non-centroid
crp,crp_cluster_154,CATGGTGATGAGTATCACGAAAA,non-centroid
crp,crp_cluster_155,CATTGTGCTGCGGCTCAAGCAGG,non-centroid
crp,crp_cluster_156,CATTGTTATTAGTCTCACACTTT,non-centroid
crp,crp_cluster_157,TCCAGCAGATACAACTCACACAA,non-centroid
crp,crp_cluster_158,CCCTTTGTGATCGCTTTCACGGA,non-centroid
crp,crp_cluster_159,GCCTTGTCATCTTTCTGACACCT,non-centroid
crp,crp_cluster_160,CCTTTGTGATAAAAATCACTTT,non-centroid
crp,crp_cluster_161,GAGCGTGCCAGTTTTCACATTC,non-centroid
crp,crp_cluster_162,CGATGTGAGGAAATTAACATGAA,non-centroid
crp,crp_cluster_163,CGATGTGATATTGCTCTCCTAT,non-centroid
crp,crp_cluster_164,CGGAGTGATCGAGTTAACATTGT,non-centroid
crp,crp_cluster_165,GGTCGTGATATTGCTCACGCCA,non-centroid
crp,crp_cluster_166,GCGGTGAGCATCACATCACCACA,non-centroid
crp,crp_cluster_167,CGTGACAGGAATCACGG,non-centroid
crp,crp_cluster_168,CGTGAGCGTTGTAAGTA,non-centroid
crp,crp_cluster_169,CGTTTCGAGGTTGATCACATTTC,non-centroid
crp,crp_cluster_170,TAATTTATTCCATGTCACACTT,non-centroid
crp,crp_cluster_171,CTATGTGAAATAAATCAAAATT,non-centroid
crp,crp_cluster_172,CTCAGGTGAATCGCGCCAGCAAA,non-centroid
crp,crp_cluster_173,CTGACGTGATCTTCATCACAAAT,non-centroid
crp,crp_cluster_174,CTGGCGTTACCCTTGTCGCAAAG,non-centroid
crp,crp_cluster_175,TGTCACAAATCACAAA,non-centroid
crp,crp_cluster_176,TGTTGAGTCATAAATAACCTTT,non-centroid
crp,crp_cluster_177,GCTTAGGATTTTGTTATTTAAAT,non-centroid
crp,crp_cluster_178,CTTCGTCAAATTTATCATGTGGG,non-centroid
crp,crp_cluster_179,TTTAGTGAAGCAGATCGCATTA,non-centroid
crp,crp_cluster_180,CTTTGTGAGATTGAGCATGGAA,non-centroid
crp,crp_cluster_181,CTTTGTGATGTGCTTCCTGTTAG,non-centroid
crp,crp_cluster_182,GAAAGTACGTTTGCAGTGAAAT,non-centroid
crp,crp_cluster_183,GAATGAGACACGATTCAAAAAAA,non-centroid
crp,crp_cluster_184,GAATGTGACAAGGATATTTTAC,non-centroid
crp,crp_cluster_185,GAATTTAATCATGTTTACAGTA,non-centroid
crp,crp_cluster_186,GAATTTGATTTACATCAATAAGC,non-centroid
crp,crp_cluster_187,GACCTCGGTTTAGTTCACAGAAG,non-centroid
crp,crp_cluster_188,GACTGCGAGTGGGAGCACGGTTT,non-centroid
crp,crp_cluster_189,GACTGTGATCAAACCCGATCTTTT,non-centroid
crp,crp_cluster_190,GGAGTGCGAGTCTGCTCGCATAA,non-centroid
crp,crp_cluster_191,TGAGTGTGGTATAGTCACCTTGC,non-centroid
crp,crp_cluster_192,GGAGTTGTGATCAAGCCTGCACA,non-centroid
crp,crp_cluster_193,GATTGTGATTCGATTCACATTTA,non-centroid
crp,crp_cluster_194,GCAAAAAATGTGAGAGAGTGCA,non-centroid
crp,crp_cluster_195,GGCAAGTGGTATTCGCACTTTTG,non-centroid
crp,crp_cluster_196,GCATTGAACTTGTGGATAAAAT,non-centroid
crp,crp_cluster_197,GGCTGTGCTGCGCATAATACTT,non-centroid
crp,crp_cluster_198,GGTATAACGTGATCATATCAACA,non-centroid
crp,crp_cluster_199,GGTTGGGAAGGGGTTCACTGGCT,non-centroid
crp,crp_cluster_200,GGTTGTGATGGTGGTATGAAAA,non-centroid
crp,crp_cluster_201,GTAAATGGTGTGTTAAATCGATT,non-centroid
crp,crp_cluster_202,TACTGCAACCATCTACAAATAA,non-centroid
crp,crp_cluster_203,GTATGTGATCCAGATCACATCTA,non-centroid
crp,crp_cluster_204,GTGGGTGATTTGCTTCACATCTC,non-centroid
crp,crp_cluster_205,TTCTGTGCATCCCGTCACAAAT,non-centroid
crp,crp_cluster_206,TTGTGTGAGAGTAATCACGCTT,non-centroid
crp,crp_cluster_207,GTTTTGTTACCTGCCTCTAACTT,non-centroid
crp,crp_cluster_208,TAAAGTGAACCATATCTCAATTC,non-centroid
crp,crp_cluster_209,TAAAGTGATGGTAGTCACATAAA,non-centroid
crp,crp_cluster_210,TAAATGTGTTTTGCTCATAGTGT,non-centroid
crp,crp_cluster_211,TAACGCGACTTTTATCACTTTTT,non-centroid
crp,crp_cluster_212,TAATATGACCAACCTCTCATAAT,non-centroid
crp,crp_cluster_213,TAATGAGATTCAGATCACATATA,non-centroid
crp,crp_cluster_214,TTAATGCGATCTATATCACGCTG,non-centroid
crp,crp_cluster_215,TAATGTGAGTTAGCTCACTCAT,non-centroid
crp,crp_cluster_216,TAATGTGATTTATGCCTCACTAA,non-centroid
crp,crp_cluster_217,TAATGTGGAGATGCGCACATAAA,non-centroid
crp,crp_cluster_218,TAATTTCCACATTAAAACAGGGA,non-centroid
crp,crp_cluster_219,TTACTGTGCAATTTTTCATTGAT,non-centroid
crp,crp_cluster_220,TTAGAGTGATATGTATAACATTA,non-centroid
crp,crp_cluster_221,TAGATCTCCGTCACATTTTTGCG,non-centroid
crp,crp_cluster_222,TAGTGTGTGTCAGATCTCGTTT,non-centroid
crp,crp_cluster_223,TATAGTGATCCACGCCACATTTT,non-centroid
crp,crp_cluster_224,TATTGTGACATATGTTTTGTCAA,non-centroid
crp,crp_cluster_225,TCACGTGAACGTTCTCACAATT,non-centroid
crp,crp_cluster_226,TCAGGTGACCGGTTTCACAAATA,non-centroid
crp,crp_cluster_227,TCTCGTGATCAAGATCACATTCT,non-centroid
crp,crp_cluster_228,TCTTATGACGCTCTTCACACTCT,non-centroid
crp,crp_cluster_229,TCTTGTGATTCAGATCACAAAG,non-centroid
crp,crp_cluster_230,TCTTTTTGAATCCCATCACAAAC,non-centroid
crp,crp_cluster_231,TGAAGTGATCCTCGCCACCAAC,non-centroid
crp,crp_cluster_232,TGAGATTTTCATCACA,non-centroid
crp,crp_cluster_233,TGATGACATTTCTGACGGCGTTA,non-centroid
crp,crp_cluster_234,TGATGTGATGCTCACCGCATTTC,non-centroid
crp,crp_cluster_235,TGATGTGATTTGCTTCACATCTT,non-centroid
crp,crp_cluster_236,TGCGATGCATGTCAAAT,non-centroid
crp,crp_cluster_237,TGCGATTCCACTCACAA,non-centroid
crp,crp_cluster_238,TGCTGTGACTCGATTCACGAAG,non-centroid
crp,crp_cluster_239,TGGAATGAAGAGAGTAACGAAT,non-centroid
crp,crp_cluster_240,TGGCGCAGGAAACACATAA,non-centroid
crp,crp_cluster_241,TGGTGTGACGGCGTTAAAAGTA,non-centroid
crp,crp_cluster_242,TGTATGCAAAGGACGTCACATTA,non-centroid
crp,crp_cluster_243,TTGTGAAAACACAC,non-centroid
crp,crp_cluster_244,TGTGAGACATTGCCGAT,non-centroid
crp,crp_cluster_245,TGTGATCTAAATTGTAGTA,non-centroid
crp,crp_cluster_246,TGTGATCTATGTAGGAT,non-centroid
crp,crp_cluster_247,TGTGATGAACTTCAAAT,non-centroid
crp,crp_cluster_248,TGTGATGCCAGTTTGCG,non-centroid
crp,crp_cluster_249,TGTGCGGATAAACACCT,non-centroid
crp,crp_cluster_250,TGTGCGGTTGCTCATG,non-centroid
crp,crp_cluster_251,TTAAATTGATCACGTTTTAGACC,non-centroid
crp,crp_cluster_252,TTAAGTTCGATATTTCTCGTTT,non-centroid
crp,crp_cluster_253,TTACCCGCTTTAAAACACGCTAT,non-centroid
crp,crp_cluster_254,TTATATATGTCAAGTTGTTAAAA,non-centroid
crp,crp_cluster_255,TTATGTAATAAAATTCATGG,non-centroid
crp,crp_cluster_256,TTATGTGATCTAAATCACTTTTA,non-centroid
crp,crp_cluster_257,TTATGTGATTGATATCACACAAA,non-centroid
crp,crp_cluster_258,TTATGTGATTTGCATCACTTTTG,non-centroid
crp,crp_cluster_259,TTATGTGATTTGTATCACATAA,non-centroid
crp,crp_cluster_260,TTATTTGAACCAGATCGCATTAC,non-centroid
crp,crp_cluster_261,TTATTTGATACCCATCACACTT,non-centroid
crp,crp_cluster_262,TTTCCGACGAATAGATCACAATT,non-centroid
crp,crp_cluster_263,TTCTGCATATTAATTGACATTTC,non-centroid
crp,crp_cluster_264,TTCTGGAATCTTCCTTCCTGATT,non-centroid
crp,crp_cluster_265,TTCTTAGAAACCGATCACATACA,non-centroid
crp,crp_cluster_266,TTCTTCGTAACGCCTCGCAAAT,non-centroid
crp,crp_cluster_267,TTGCGTGATCTGTCGCCCAAAT,non-centroid
crp,crp_cluster_268,TTTGTGCGAGCCAGCTCAAACTT,non-centroid
crp,crp_cluster_269,TTGTGTGATCTCTGTTACAGAAT,non-centroid
crp,crp_cluster_270,TTTGTGTGATCTGCATCACGCAT,non-centroid
crp,crp_cluster_271,TTGTGTGATGCAAGCCACATTT,non-centroid
crp,crp_cluster_272,TTTACTGCTGCTTCACGCAGGAT,non-centroid
crp,crp_cluster_273,TTTTATTGATTTAAATCAAAGAT,non-centroid
crp,crp_cluster_274,TTTCATGATTTCAATCAAAACCT,non-centroid
crp,crp_cluster_275,TTTCCTGAAAATTCACGCTGTA,non-centroid
crp,crp_cluster_276,TTTTCGTGAAATCTGTCACTGAA,non-centroid
crp,crp_cluster_277,TTTCGTGAGTTAGATCAATAAAC,non-centroid
crp,crp_cluster_278,TTTCGTGTTCCGTTTCATGGTTA,non-centroid
crp,crp_cluster_279,TTTCTTGCTTACCGTCACATTCT,non-centroid
crp,crp_cluster_280,TTTGGTGACAAAACTCACAAAAG,non-centroid
crp,crp_cluster_281,TTTGTTCCTCTTCACAT,non-centroid
crp,crp_cluster_282,TTTGTTGCTGACCTTCAAAAAT,non-centroid
crp,crp_cluster_283,TTTGTTGCTTTTGATCACAATAA,non-centroid
crp,crp_cluster_284,TTTTATGAAGCCCTTCACAGAAT,non-centroid
crp,crp_cluster_285,TTTTATGATTTGGTTCAATTCTT,non-centroid
crp,crp_cluster_286,TTTTTATTGACGCACAGCACATT,non-centroid
crp,crp_cluster_287,TTTTCTTATCTACCTCACAAAGG,non-centroid
crp,crp_cluster_288,TTTTGCAAGCAACATCACGAAA,non-centroid
crp,crp_cluster_289,TTTTGCGATCAAAATAACACTTT,non-centroid
crp,crp_cluster_290,TTTTGTAAACAGATTAACACCTC,non-centroid
crp,crp_cluster_291,TTTTGTGAATCAGATCAGAAAAC,non-centroid
crp,crp_cluster_292,TTTTGTGAGCTGTTTCGCGTTAT,non-centroid
crp,crp_cluster_293,TTTTTGTGATCACTCCGGCTTTT,non-centroid
crp,crp_cluster_294,TTTTTGTGATCGTTATCTCGATA,non-centroid
crp,crp_cluster_295,TTTTGTGATCTTCCTCCACATT,non-centroid
crp,crp_cluster_296,TTTTGTGATGAACGTCACGTCAA,non-centroid
crp,crp_cluster_297,TTTTGTGATGGCTATTAGAAATT,non-centroid
crp,crp_cluster_298,TTTTTGTGATGGTTGTCATATTA,non-centroid
crp,crp_cluster_299,TTTTGTGGCCTGCTTCAAACTTT,non-centroid
crp,crp_cluster_300,TTTTTAGATGTAAATCACTCCAT,non-centroid
dcur,dcur_cluster_1,CAAATTAATAATTAAGGG,non-centroid
dcur,dcur_cluster_2,CAAAACTTTAAAAAGTG,non-centroid
dcur,dcur_cluster_3,CAAAAGTTAATTAACTA,non-centroid
dcur,dcur_cluster_4,CATATAAACCAAGATTTA,non-centroid
dcur,dcur_cluster_5,GATTTAATGAATAAAATT,non-centroid
dcur,dcur_cluster_6,GATTTTAAGTTTTTTAAT,non-centroid
dcur,dcur_cluster_7,GTTTAGTAATTAAATTA,non-centroid
dcur,dcur_cluster_8,GTTTTTAATTTCAAAAC,non-centroid
dcur,dcur_cluster_9,TAGCTTATATTGTGGTC,non-centroid
dcur,dcur_cluster_10,TATTTCTGCGATAATAGC,non-centroid
fadr,fadr_cluster_1,AACTCATCCGACCACATA,non-centroid
fadr,fadr_cluster_2,AACTCATCGGATCAGTT,non-centroid
fadr,fadr_cluster_3,AACTGATCGGACTTGTT,non-centroid
fadr,fadr_cluster_4,AGCTGGTATGATGAGTT,non-centroid
fadr,fadr_cluster_5,CAAGTGGTCAGACCTCCT,non-centroid
fadr,fadr_cluster_6,ACCAGTTATGACCTCTGT,non-centroid
fadr,fadr_cluster_7,ACTGGTCTGATTTCTAAG,non-centroid
fadr,fadr_cluster_8,AGCTGGTCCGACCTATA,non-centroid
fadr,fadr_cluster_9,AGGATGGTCTTAACACTG,non-centroid
fadr,fadr_cluster_10,GATCAGGTCAGACCACTT,non-centroid
fadr,fadr_cluster_11,CATCTGGTACGACCAGAT,non-centroid
fadr,fadr_cluster_12,CCCTGATAAGACCAGTA,non-centroid
fadr,fadr_cluster_13,TCCGCGGTTCGACCACTT,non-centroid
fadr,fadr_cluster_14,CGGCTGGTCCGCTGTTTC,non-centroid
fadr,fadr_cluster_15,CTCAACCCCGACCAGTAT,non-centroid
fadr,fadr_cluster_16,CTCCGGTCGGACCTGGC,non-centroid
fadr,fadr_cluster_17,CTCTGGTATGATGAGTCC,non-centroid
fadr,fadr_cluster_18,GACAGGTCAGCTTTGATG,non-centroid
fadr,fadr_cluster_19,GCTGGCCAGTCATCGACA,non-centroid
fadr,fadr_cluster_20,GGCTGATCGGACTTGTT,non-centroid
fliz,fliz_cluster_1,AACCAGGTTATAACCTCAGTGTCGAAATTGATTCGTGACGGCTCTTTCACTTTAT,non-centroid
fliz,fliz_cluster_2,AGGATGACATATTCGAAACGATAACGGCTAAGGAGCAAGTTATGATTTTTCTCATGACG,non-centroid
fliz,fliz_cluster_3,TTTTTTAACTGACTTTCGTTTGAAAACTGGCGTTTTTCCAAAACTGGA,non-centroid
fliz,fliz_cluster_4,CAAAACTGCGTCTAAAGTTAAACCGGGACC,non-centroid
fliz,fliz_cluster_5,GTCGATTTAGGAAAAATCTTAGATAAGTG,non-centroid
gade,gade_cluster_1,ATAGGCGTTTACTATATTGAA,non-centroid
gade,gade_cluster_2,TTAGGATTTTGTTATTTAAA,non-centroid
gade,gade_cluster_3,CAAGGATGTAAATAATGAAAA,non-centroid
gade,gade_cluster_4,CTTTTTGTTTGCTATTTACAA,non-centroid
gade,gade_cluster_5,GTGTCGAAATTGATTCGTGAC,non-centroid
gade,gade_cluster_6,TAATCTTAGGATAAATTTTT,non-centroid
gade,gade_cluster_7,TGTCAGATTTTTTTATCTCCT,non-centroid
gade,gade_cluster_8,TTAGGAAATTTTTATTAAATC,non-centroid
gade,gade_cluster_9,TTTTTTAATCACACCTTTAT,non-centroid
gadw,gadw_cluster_1,AAATATTATTCGCGTAATAT,non-centroid
gadw,gadw_cluster_2,AAAGTCGTTTTTCTGCTTAG,non-centroid
gadw,gadw_cluster_3,AAAGTCTGTTTTTAATATTAT,non-centroid
gadw,gadw_cluster_4,AACTCATTGTATTGAAATAAA,non-centroid
gadw,gadw_cluster_5,AAGGTCTGATTTTTACGTGAT,non-centroid
gadw,gadw_cluster_6,AAGTACTAATAGTGATATTTT,non-centroid
gadw,gadw_cluster_7,ATATCTGATTTTGATATTTT,non-centroid
gadw,gadw_cluster_8,ATGCAGTCGATTTAATAAAA,non-centroid
gadw,gadw_cluster_9,ACTGGAAATAAGATCAGCCAT,non-centroid
gadw,gadw_cluster_10,AGGATATAAACATCAGACAGG,non-centroid
gadw,gadw_cluster_11,ATGGCTGATATTTTCCGTAGT,non-centroid
gadw,gadw_cluster_12,CATGTTAAATGTTTATATTAT,non-centroid
gadw,gadw_cluster_13,ATTGTATTGTTTTTCAATGAA,non-centroid
gadw,gadw_cluster_14,GATTTTGTTATTTAAATTAAG,non-centroid
gadw,gadw_cluster_15,TTAGCCATTTCAAACATTATC,non-centroid
gadw,gadw_cluster_16,TTTACGTTACTATCAGGCATA,non-centroid
gadw,gadw_cluster_17,TTTTTTATAAACATAAGCTAT,non-centroid
gadx,gadx_cluster_1,AAAATATCAAAATCAGATATT,non-centroid
gadx,gadx_cluster_2,AAAATATTATTCGCGTAATAT,non-centroid
gadx,gadx_cluster_3,AAGTCGTTTTTCTGCTTAG,non-centroid
gadx,gadx_cluster_4,AAGTCTGTTTTTAATATTAT,non-centroid
gadx,gadx_cluster_5,AGGTCTGATTTTTACGTGAT,non-centroid
gadx,gadx_cluster_6,AAGTACTAATAGTGATATTTT,non-centroid
gadx,gadx_cluster_7,AATGCAGTCGATTTAATAAAA,non-centroid
gadx,gadx_cluster_8,ATGCCTTGCTTCCATTGCGG,non-centroid
gadx,gadx_cluster_9,CTGGAAATAAGATCAGCCAT,non-centroid
gadx,gadx_cluster_10,AGGATATAAACATCAGACAGG,non-centroid
gadx,gadx_cluster_11,AGGTGCGATGATTGCGTTATG,non-centroid
gadx,gadx_cluster_12,TAAATCCTACTTTTTTATTG,non-centroid
gadx,gadx_cluster_13,ATCAGACAGGTTTACGTTACT,non-centroid
gadx,gadx_cluster_14,ATCTTAGATACCCCTCCAAGC,non-centroid
gadx,gadx_cluster_15,TGCACTTGCATAACCTGTTG,non-centroid
gadx,gadx_cluster_16,ATGGCTGATATTTTCCGTAGT,non-centroid
gadx,gadx_cluster_17,ATGTTAAATGTTTATATTAT,non-centroid
gadx,gadx_cluster_18,ATTGTATTGTTTTTCAATGAA,non-centroid
gadx,gadx_cluster_19,GATTTTGTTATTTAAATTAAG,non-centroid
gadx,gadx_cluster_20,CACGGGAAACTTTGTGCTCT,non-centroid
gadx,gadx_cluster_21,CATTCGGTGGGAAGTCATCAT,non-centroid
gadx,gadx_cluster_22,CCAGGGCAGAAAGCATCCAAT,non-centroid
gadx,gadx_cluster_23,CGAGTCCTTTGCACTTGCTTA,non-centroid
gadx,gadx_cluster_24,CTATTATGGTTTTAATATTTG,non-centroid
gadx,gadx_cluster_25,GAGACACAGAATGCGCATAA,non-centroid
gadx,gadx_cluster_26,GATGCCTGAAAATCGGCACCG,non-centroid
gadx,gadx_cluster_27,GTAATAATTTTATAAATGCG,non-centroid
gadx,gadx_cluster_28,TAAATATAACTTTTACTGGA,non-centroid
gadx,gadx_cluster_29,TCACCCCCCTCTCAGTGCAGT,non-centroid
gadx,gadx_cluster_30,TGTTGATAAGGATAGTAACAT,non-centroid
gadx,gadx_cluster_31,TTAGCCATTTCAAACATTATC,non-centroid
gadx,gadx_cluster_32,TTATCGATAAATCCTACTTT,non-centroid
gadx,gadx_cluster_33,TTTACGTTACTATCAGGCATA,non-centroid
gadx,gadx_cluster_34,TTTATTTCAATACAATGAGTT,non-centroid
gadx,gadx_cluster_35,TTTTTTAGCTAAATCTGCTAT,non-centroid
gadx,gadx_cluster_36,TTTTTATAAACATAAGCTAT,non-centroid
galr,galr_cluster_1,ACTCAATTATTTTCATG,non-centroid
galr,galr_cluster_2,ATGTAACCGCTTTCAA,non-centroid
galr,galr_cluster_3,ATGTAAGCGTTTACCCA,non-centroid
galr,galr_cluster_4,CTGAAACCGATTACACC,non-centroid
galr,galr_cluster_5,GCTGTAACCGTTTCCAT,non-centroid
galr,galr_cluster_6,TGTGGCAACGGTTTCC,non-centroid
galr,galr_cluster_7,GGTGTAATTGCTGGCGC,non-centroid
galr,galr_cluster_8,GGTTACCGGTGGTAGCG,non-centroid
galr,galr_cluster_9,GTGTAAACGATTCCAC,non-centroid
galr,galr_cluster_10,GTGTAAGCGATTACACT,non-centroid
galr,galr_cluster_11,TTCACAGTTGTTACATT,non-centroid
galr,galr_cluster_12,TTGTAATATTTTCATA,non-centroid
gals,gals_cluster_1,ACTCAATTATTTTCATG,non-centroid
gals,gals_cluster_2,ATGTAACCGCTTTCAA,non-centroid
gals,gals_cluster_3,ATGTAAGCGTTTACCCA,non-centroid
gals,gals_cluster_4,CGGTGGTAGCGGTTACA,non-centroid
gals,gals_cluster_5,CTGAAACCGATTACAC,non-centroid
gals,gals_cluster_6,GCTGTAACCGTTTCCAT,non-centroid
gals,gals_cluster_7,GGTGTAATTGCTGGCGC,non-centroid
gals,gals_cluster_8,GTGGCAACGGTTTCCC,non-centroid
gals,gals_cluster_9,TGTGTAAACGATTCCAC,non-centroid
gals,gals_cluster_10,GTGTAAGCGATTACACT,non-centroid
gals,gals_cluster_11,TTCACAGTTGTTACATT,non-centroid
gals,gals_cluster_12,TTGTAATATTTTCATA,non-centroid
glcc,glcc_cluster_1,TGCACAGGTAGGACC,non-centroid
iclr,iclr_cluster_1,TGAAAATGATTTCCA,non-centroid
iclr,iclr_cluster_2,TGGAAATTGTTTTTGA,non-centroid
lrp,lrp_cluster_1,AAAAAGAATAAA,non-centroid
lrp,lrp_cluster_2,AAAATAAGAATTA,non-centroid
lrp,lrp_cluster_3,AAAGATAAAATCCATT,non-centroid
lrp,lrp_cluster_4,GAAATAAAAATATCTG,non-centroid
lrp,lrp_cluster_5,AACATGAAAGTTAAA,non-centroid
lrp,lrp_cluster_6,AACGGAGCTGCCATG,non-centroid
lrp,lrp_cluster_7,AACGTTATCCGGACGT,non-centroid
lrp,lrp_cluster_8,AAGCGTGTATTTTTGTGAGCTGTTTC,non-centroid
lrp,lrp_cluster_9,AAGTTACACGTTATTT,non-centroid
lrp,lrp_cluster_10,AATAAAAATTTCCTA,non-centroid
lrp,lrp_cluster_11,ATGGACTTGCCGACT,non-centroid
lrp,lrp_cluster_12,AATTAAAGAGGT,non-centroid
lrp,lrp_cluster_13,ACAGAAAACCAGGTTA,non-centroid
lrp,lrp_cluster_14,ACAGAGTAAAGCGTTG,non-centroid
lrp,lrp_cluster_15,ACAGATAAAAATTACA,non-centroid
lrp,lrp_cluster_16,ACAGCACAAAATTCT,non-centroid
lrp,lrp_cluster_17,ACAGCGAAAAGTTGTA,non-centroid
lrp,lrp_cluster_18,ACAGTAAAAACATCGG,non-centroid
lrp,lrp_cluster_19,ACAGTATTTTGTATGG,non-centroid
lrp,lrp_cluster_20,ACATTCAGTGCTGTCA,non-centroid
lrp,lrp_cluster_21,ACCGGGCATAATTCTG,non-centroid
lrp,lrp_cluster_22,ACGGCGTTAAATACCG,non-centroid
lrp,lrp_cluster_23,ACGGTTAAAAATTCTG,non-centroid
lrp,lrp_cluster_24,ACTACAATTTATTAAC,non-centroid
lrp,lrp_cluster_25,AGAAAATTATTTT,non-centroid
lrp,lrp_cluster_26,AGAATAAAAAATG,non-centroid
lrp,lrp_cluster_27,AGAATAATTTTT,non-centroid
lrp,lrp_cluster_28,AGAGATATTTCTGCTG,non-centroid
lrp,lrp_cluster_29,AGCAAAAATAAAT,non-centroid
lrp,lrp_cluster_30,AGCAGCATGAAAATTA,non-centroid
lrp,lrp_cluster_31,AGGCATATAACAGAGG,non-centroid
lrp,lrp_cluster_32,AGTAGCATGAAACGTC,non-centroid
lrp,lrp_cluster_33,AGTATAAAATGCTGGT,non-centroid
lrp,lrp_cluster_34,AGTCAGGAATTGACTG,non-centroid
lrp,lrp_cluster_35,AGTTTTCATAAT,non-centroid
lrp,lrp_cluster_36,ATAGCATTAAATATTG,non-centroid
lrp,lrp_cluster_37,ATAGTGTTTTATACTG,non-centroid
lrp,lrp_cluster_38,TATCTGATTTTGATA,non-centroid
lrp,lrp_cluster_39,ATATGCGCATAACCATGC,non-centroid
lrp,lrp_cluster_40,TATCATTCGTTATT,non-centroid
lrp,lrp_cluster_41,ATGTAAATACCATGTT,non-centroid
lrp,lrp_cluster_42,ATGTTGTACTAAAAAT,non-centroid
lrp,lrp_cluster_43,ATTCAATTATCG,non-centroid
lrp,lrp_cluster_44,ATTCGGTTTTTTTTAC,non-centroid
lrp,lrp_cluster_45,ATTGTCTTATTCAAAT,non-centroid
lrp,lrp_cluster_46,TATTTATCCTGAATTT,non-centroid
lrp,lrp_cluster_47,ATTTTGATGGTTATT,non-centroid
lrp,lrp_cluster_48,CAATATAAACATCTAT,non-centroid
lrp,lrp_cluster_49,CAATTAATATTATCAA,non-centroid
lrp,lrp_cluster_50,CACAGAATATTGCACT,non-centroid
lrp,lrp_cluster_51,CACCGAAAGGTCC,non-centroid
lrp,lrp_cluster_52,CAGAGTGCCACTAATC,non-centroid
lrp,lrp_cluster_53,CAGATAATACTCTCTG,non-centroid
lrp,lrp_cluster_54,CAGCAGGAGATACTAA,non-centroid
lrp,lrp_cluster_55,CAGCCGATTTATTATC,non-centroid
lrp,lrp_cluster_56,CAGCGATATACGCTAT,non-centroid
lrp,lrp_cluster_57,CAGGGAGATGTGAGCC,non-centroid
lrp,lrp_cluster_58,GCAGTATCTGATGCAT,non-centroid
lrp,lrp_cluster_59,CCATAATGTGGTGCTG,non-centroid
lrp,lrp_cluster_60,CATCAGGATAAA,non-centroid
lrp,lrp_cluster_61,CATTGTTGTCGGCGCT,non-centroid
lrp,lrp_cluster_62,CCAGCATATAAATCCA,non-centroid
lrp,lrp_cluster_62,CCAGCATATAAATCCC,non-centroid
lrp,lrp_cluster_63,CCAGCGAAAAATAATG,non-centroid
lrp,lrp_cluster_64,CCAGGATAAAATGTCA,non-centroid
lrp,lrp_cluster_65,CCCGCACAATGATCCG,non-centroid
lrp,lrp_cluster_66,CCCGTGTTTATGTCTC,non-centroid
lrp,lrp_cluster_67,GCCGGATAATGTTAGC,non-centroid
lrp,lrp_cluster_68,CCGGATTTTATTCGGA,non-centroid
lrp,lrp_cluster_69,CCGGTTTTTTATTCTC,non-centroid
lrp,lrp_cluster_70,CCTCATTCTTCTCTCC,non-centroid
lrp,lrp_cluster_71,CGAAGCGCAAAATATC,non-centroid
lrp,lrp_cluster_72,CGAGTTGTCATACTGG,non-centroid
lrp,lrp_cluster_73,GCGATTTTTCAAT,non-centroid
lrp,lrp_cluster_74,CGCAGAATAATCATCT,non-centroid
lrp,lrp_cluster_75,CGCAGGGCAAAAAGTC,non-centroid
lrp,lrp_cluster_76,CGGAATTTTATGCTGG,non-centroid
lrp,lrp_cluster_77,CGTGTTGGATTATTC,non-centroid
lrp,lrp_cluster_77,GTGTTGGATTATTCT,non-centroid
lrp,lrp_cluster_77,TCGTGTTGGATTATTC,non-centroid
lrp,lrp_cluster_78,TATCAATCTATGCCA,non-centroid
lrp,lrp_cluster_79,CTCCTGTTTATTCTTA,non-centroid
lrp,lrp_cluster_80,CTGATTTTCTCCT,non-centroid
lrp,lrp_cluster_81,TCTTATTAGTTTTTCTG,non-centroid
lrp,lrp_cluster_82,TCTTGAAATTATTCTG,non-centroid
lrp,lrp_cluster_83,GAAAGCGTGAAAAACA,non-centroid
lrp,lrp_cluster_84,GAAGTTTAATTCT,non-centroid
lrp,lrp_cluster_85,GAGAATTTTTTTCTTT,non-centroid
lrp,lrp_cluster_86,GAGCACCTCATTTCAA,non-centroid
lrp,lrp_cluster_87,GAGGATTTTATCGTTT,non-centroid
lrp,lrp_cluster_88,GCAAAATTATCTGCTG,non-centroid
lrp,lrp_cluster_89,GCAGGATAAAGCACCG,non-centroid
lrp,lrp_cluster_90,GCAGTGAAAAAATCTG,non-centroid
lrp,lrp_cluster_91,GGCATATAACAGA,non-centroid
lrp,lrp_cluster_92,GCATTAATTCTTGCCT,non-centroid
lrp,lrp_cluster_93,GCGCTATTTTGTGTTG,non-centroid
lrp,lrp_cluster_94,GCGGTTGATCCTGCGG,non-centroid
lrp,lrp_cluster_95,GCTGTGGATTACGCTG,non-centroid
lrp,lrp_cluster_96,GGAAGAAAAAAAACA,non-centroid
lrp,lrp_cluster_97,GGCCAGATAATATGTT,non-centroid
lrp,lrp_cluster_98,GGTAGCACAGAATAA,non-centroid
lrp,lrp_cluster_99,GTAGCAGAAAATGCTC,non-centroid
lrp,lrp_cluster_100,GTCCGGGGTTTTT,non-centroid
lrp,lrp_cluster_101,GTCTGGTTTATTCTG,non-centroid
lrp,lrp_cluster_102,GTGTGGTAGGCGTTGC,non-centroid
lrp,lrp_cluster_103,GTTTGTTGTTGGA,non-centroid
lrp,lrp_cluster_104,TAAAAACATAACCGA,non-centroid
lrp,lrp_cluster_105,TAACGGATGAAATTCT,non-centroid
lrp,lrp_cluster_106,TAAGCATTAAAATTTG,non-centroid
lrp,lrp_cluster_107,TAATATTTTCAACTG,non-centroid
lrp,lrp_cluster_108,TACAAAAACTGACTAA,non-centroid
lrp,lrp_cluster_109,TAGAATATTAAGCCAA,non-centroid
lrp,lrp_cluster_110,TAGAATTTTATTCTGA,non-centroid
lrp,lrp_cluster_111,TAGATTATTATTCTTT,non-centroid
lrp,lrp_cluster_112,TTAGCATATTCAC,non-centroid
lrp,lrp_cluster_113,TCAGGAAAAATTTCCA,non-centroid
lrp,lrp_cluster_114,TCCGCAAAATACACCG,non-centroid
lrp,lrp_cluster_115,TCTGCATTTTTTATTG,non-centroid
lrp,lrp_cluster_116,TGCAGTATTGTTTGCC,non-centroid
lrp,lrp_cluster_117,TTATTCTGTGCTA,non-centroid
lrp,lrp_cluster_118,TTCAGGAAAAACAGT,non-centroid
lrp,lrp_cluster_119,TTGGCACAAAAATTTA,non-centroid
lrp,lrp_cluster_120,TTTACCCCTATTTCAA,non-centroid
lrp,lrp_cluster_121,TTTATTACCGTCATTC,non-centroid
mlc,mlc_cluster_1,ATATTTTACCTTTCGAAATTTCTG,non-centroid
mlc,mlc_cluster_2,ATTAATTACGAAGCGCAAAAAAAA,non-centroid
mlc,mlc_cluster_3,ATTATTTCGGAGCGCGAAAATAT,non-centroid
mlc,mlc_cluster_4,ATTATTTTGATGCGCGAAATTAAT,non-centroid
mlc,mlc_cluster_5,TTATTTTACTCTGTGTAATAAATA,non-centroid
mlc,mlc_cluster_6,TTTTTTCGATATCTAAAATAAATC,non-centroid
mlc,mlc_cluster_7,TTTTTTTAAAGCTCGTAATTAAT,non-centroid
pepa,pepa_cluster_1,ATTTGGTCCACTTTTTTCTGCTCGTTTT,non-centroid
pepa,pepa_cluster_2,TCGTCTTTTGCAGGATTTTAGCTTGTTT,non-centroid
pepa,pepa_cluster_3,TAATGCCTGTAAAACATGCATGAGCCAC,non-centroid
rbsr,rbsr_cluster_1,CGCCAGTATTCGTTTCTGTGT,non-centroid
rbsr,rbsr_cluster_2,GTAAAAAATCGTTGCGCAATC,non-centroid
rbsr,rbsr_cluster_3,TTGCGCAAACGTTTTCGTTA,non-centroid
rbsr,rbsr_cluster_4,TCAGCGAAACGTTTCGCTGAT,non-centroid
rob,rob_cluster_1,AAAACAGCAAAAAATGCTAT,non-centroid
rob,rob_cluster_2,AAAGCTATAACTGTTAAACAC,non-centroid
rob,rob_cluster_3,ACCGCACAAAAGGGGAGTGCT,non-centroid
rob,rob_cluster_4,TACGACACGTTTCATTAAGAT,non-centroid
rob,rob_cluster_5,ACGGCATTGATAATCATTTTC,non-centroid
rob,rob_cluster_6,AGTGGCACGTTTGGCGAAATT,non-centroid
rob,rob_cluster_7,TATAGCGCATTTTTCTCGCTT,non-centroid
rob,rob_cluster_8,ATAGCTCACTTTGTTAACAAC,non-centroid
rob,rob_cluster_9,ATCGCATAAACCACTACATCT,non-centroid
rob,rob_cluster_10,ATGGCACGAAAGACCAAACA,non-centroid
rob,rob_cluster_11,ATGGCACGTAACGCCAACCTT,non-centroid
rob,rob_cluster_12,ATTTAGCAAAACGTGGCATCG,non-centroid
rob,rob_cluster_13,CAGCACTGAATGTCAAAACAA,non-centroid
rob,rob_cluster_14,CTCTTTTATCAATTTGGGTTG,non-centroid
rob,rob_cluster_15,GTAATCGCACGGGTGGATAAG,non-centroid
rob,rob_cluster_16,GTCGCTCGTTACGTTAAAAAT,non-centroid
rob,rob_cluster_17,TTTGCACATTTTGCTAATTT,non-centroid
rutr,rutr_cluster_1,GTTGACTACCTGGGTGGTCAA,non-centroid
rutr,rutr_cluster_2,TTTTGACCGTTTAGTCCA,non-centroid
rutr,rutr_cluster_3,TAGACCGACTGGTCTAC,non-centroid
rutr,rutr_cluster_4,TTGACCATTTGGTCCAC,non-centroid
rutr,rutr_cluster_5,TTTGTCGAATTTGTCAT,non-centroid
torr,torr_cluster_1,AATCTTTAAAA,non-centroid
torr,torr_cluster_2,ACATATACAG,non-centroid
torr,torr_cluster_3,AGCCGTTCAT,non-centroid
torr,torr_cluster_4,GATTTTGATAT,non-centroid
torr,torr_cluster_5,CGATTCACATT,non-centroid
torr,torr_cluster_6,CGATTCACGT,non-centroid
torr,torr_cluster_7,CTGTTCATATC,non-centroid
torr,torr_cluster_7,CTGTTCATATT,non-centroid
torr,torr_cluster_8,TCTGTTTTTAA,non-centroid
yiau,yiau_cluster_1,AAAACAATATGTCGTTAT,non-centroid
yiau,yiau_cluster_2,TCGGCGATGACCTGGATCAATCGTCCCGGCCTG,non-centroid
